Profile Name,,Left joy,,,,,,,,,,,,,,,,comment,
apex.csv,,Normal,,,,,,,,Alternate,,,,,,,,,
XBox Outputs,Function,usb,,,,,,,,usb,,,,,,,,,
increment_mode,normal,right_sip,,,,,,,,,,,,,,,,look in preferences for puff_soft adjustments!,
decrement_mode,tap,right_puff,,,,,,,,right_puff,,,,,,,,Questions? pasi2708@gmx.de,
dpad_SW,normal,,,,,,,,,,,,,,,,,,
dpad_S,normal,,,,,,,,,,,,,,,,,Color-Legend :,
mouse_left,normal,left,,,,,,,,,,,,,,,,Moving,
mouse_right,normal,right,,,,,,,,,,,,,,,,"Weapon(Aim,Fire, Mode,etc)",
mouse_up,normal,up,,,,,,,,,,,,,,,,Grenade & Gadget,
mouse_down,normal,down,,,,,,,,,,,,,,,,"interact (Enter Vehicle, Spotting, etc...)",
dpad_N,normal,,,,,,,,,,,,,,,,,Escape/Enter/Stats/Tab to Windows,
dpad_E,normal,,,,,,,,,,,,,,,,,Function Testing,
kb_c,delay_on 500,mp_center_sip,,,,,,,,,,,,,,,,,"3"""
kb_d,normal,mp_right_center_puff,,,,,,,,,,,,,,,,Strafe right,----------
kb_a,normal,mp_left_center_puff,,,,,,,,,,,,,,,,Strafe left,----------
kb_w,delayed_latch 500,mp_triple_puff,,,,,,,,,,,,,,,,walk,1'
kb_s,toggle,mp_left_center_sip,,,,,,,,,,,,,,,,walking back,----------
kb_left_shift,delay_on 750 16000,mp_triple_puff,,,,,,,,,,,,,,,,Sprint (Stay's Activated),"1"""
kb_c,tap 300 100,mp_triple_sip,,,,,,,,,,,,,,,,Crouch ,2
kb_c,delay_on 300,mp_triple_sip,,,,,,,,,,,,,,,,Lay down,"2"""
kb_space,normal,lip,,,,,,,,,,,,,,,,Jump,----------
mouse_right_button,normal,mp_center_sip,,,,,,,,,,,,,,,,Aim (Hold to Crouch) ,3
mouse_left_button,normal,mp_center_puff,,,,,,,,,,,,,,,,Fire,----------
kb_b,tap 300 100,mp_left_sip,,,,,,,,,,,,,,,,Fire mode,4
kb_r,normal,mp_right_sip_soft,,,,,,,,,,,,,,,,Reload ,----------
mouse_wheel_up,tap 300 100,mp_left_puff,,,,,,,,,,,,,,,,Weapon 1,5
kb_3,delay_on 300,mp_left_puff,,,,,,,,,,,,,,,,Holster,"5"""
kb_v,tap 300 100,mp_right_sip,,,,,,,,,,,,,,,,Melee,6
kb_g,delay_on 300,mp_right_sip,,,,,,,,,,,,,,,,Grenade,"6"""
kb_q,tap 300 100,mp_triple_sip_soft,,,,,,,,,,,,,,,,Tactic,7
kb_z,delay_on 300,mp_triple_sip_soft,,,,,,,,,,,,,,,,ulti,"7"""
kb_4,tap 300 100,mp_left_center_puff_soft,,,,,,,,,,,,,,,,Gesundheit,8
kb_6,delay_on 300,mp_left_center_puff_soft,,,,,,,,,,,,,,,,Medikit,"8"""
kb_7,tap 300 100,mp_left_center_sip_soft,,,,,,,,,,,,,,,,Shieldcell,9
kb_8,delay_on 300,mp_left_center_sip_soft,,,,,,,,,,,,,,,,Shieldbattery,"9"""
kb_i,delay_on 100,mp_triple_puff_soft,,,,,,,,,,,,,,,,Inventory,----------
kb_x,delay_on 300,mp_left_sip,,,,,,,,,,,,,,,,Alternative Interaktion,xxxxx
kb_e,normal,mp_right_center_sip,,,,,,,,,,,,,,,,interact/enter,----------
mouse_middle_button,normal,mp_right_puff,,,,,,,,,,,,,,,,Ping,----------
kb_m,delay_on 100,mp_right_puff_soft,,,,,,,,,,,,,,,,map,----------
kb_escape,delay_on 100,mp_left_puff_soft,,,,,,,,,,,,,,,,Menu/Pause,----------
kb_left_alt,delay_on 500,right_puff,,,,,,,,,,,,,,,,Hold to Tab to Windows,----------
kb_tab,delay_on 500,right_puff,,,,,,,,,,,,,,,,,----------
increment_mode,delay_on 100,mp_right_center_puff_soft,,,,,,,,,,,,,,,,,----------
kb_0,tap 300 100,right_puff_soft,,,,,,,,,,,,,,,,Mute,
kb_left_control,tap 300 100,right_puff_soft,,,,,,,,,,,,,,,,,
kb_left_shift,tap 300 100,right_puff_soft,,,,,,,,,,,,,,,,,
kb_left_control,delay_on 300,right_puff_soft,,,,,,,,,,,,,,,,Nvdia Shadow,
kb_left_shift,delay_on 300,right_puff_soft,,,,,,,,,,,,,,,,,
kb_8,delay_on 300,right_puff_soft,,,,,,,,,,,,,,,,,
kb_left_gui,delay_on 300,right_sip_soft,,,,,,,,,,,,,,,,Windows Gamebar,
kb_g,delay_on 300,right_sip_soft,,,,,,,,,,,,,,,,,
kb_f1,tap 300 100,right_sip_soft,,,,,,,,,,,,,,,,Screenshot,
kb_left_alt,tap 300 100,right_sip_soft,,,,,,,,,,,,,,,,,
kb_w,force_off,mp_right_center_sip,,,,,,,,,,,,,,,,,
kb_w,force_off,right_puff,,,,,,,,,,,,,,,,,
kb_w,force_off,right_sip,,,,,,,,,,,,,,,,,
kb_w,force_off,,,,,,,,,,,,,,,,,,
kb_w,force_off,mp_left_center_sip,,,,,,,,,,,,,,,,,
kb_w,force_off 700,mp_center_puff,,,,,,,,,,,,,,,,,
kb_w,force_off 260,mp_right_center_sip,,,,,,,,,,,,,,,,,
kb_w,force_off 260,mp_left_puff,,,,,,,,,,,,,,,,,
kb_w,force_off 260,mp_triple_sip,,,,,,,,,,,,,,,,,
kb_w,force_off 260,mp_right_sip,,,,,,,,,,,,,,,,,
kb_w,force_off,mp_triple_sip_soft,,,,,,,,,,,,,,,,,
kb_left_shift,force_off,,,,,,,,,,,,,,,,,,
kb_left_shift,force_off,,,,,,,,,,,,,,,,,,
kb_left_shift,force_off,,,,,,,,,,,,,,,,,,
kb_left_shift,force_off,,,,,,,,,,,,,,,,,,
kb_left_shift,force_off,,,,,,,,,,,,,,,,,,
kb_left_shift,force_off 255,,,,,,,,,,,,,,,,,,
kb_left_shift,force_off 260,,,,,,,,,,,,,,,,,,
kb_left_shift,force_off 260,,,,,,,,,,,,,,,,,,
kb_left_shift,force_off 260,,,,,,,,,,,,,,,,,,
kb_left_shift,force_off,,,,,,,,,,,,,,,,,,
kb_s,force_off,right_puff,,,,,,,,,,,,,,,,,
kb_s,force_off,right_sip,,,,,,,,,,,,,,,,,
kb_s,force_off,mp_right_sip_soft,,,,,,,,,,,,,,,,,
kb_s,force_off,mp_triple_puff,,,,,,,,,,,,,,,,,
kb_s,force_off 700,mp_center_puff,,,,,,,,,,,,,,,,,
kb_s,force_off 260,mp_right_center_sip,,,,,,,,,,,,,,,,,
kb_s,force_off 260,mp_left_puff,,,,,,,,,,,,,,,,,
kb_s,force_off 260,mp_right_sip,,,,,,,,,,,,,,,,,
mouse_right_button,force_off,right_puff,,,,,,,,,,,,,,,,,
mouse_right_button,force_off,right_sip,,,,,,,,,,,,,,,,,
mouse_right_button,force_off,mp_left_sip_soft,,,,,,,,,,,,,,,,,
mouse_right_button,force_off,mp_right_sip_soft,,,,,,,,,,,,,,,,,
mouse_right_button,force_off,mp_left_puff,,,,,,,,,,,,,,,,,
mouse_right_button,force_off,mp_left_center_puff,,,,,,,,,,,,,,,,,
mouse_right_button,force_off,mp_right_center_sip,,,,,,,,,,,,,,,,,
mouse_right_button,force_off,mp_right_puff,,,,,,,,,,,,,,,,,
mouse_right_button,force_off,mp_right_sip,,,,,,,,,,,,,,,,,
mouse_right_button,force_off,,,,,,,,,,,,,,,,,,
kb_left_shift,force_off,right_puff,,,,,,,,,,,,,,,,,
kb_left_shift,force_off,right_sip,,,,,,,,,,,,,,,,,
kb_left_shift,force_off,mp_right_sip_soft,,,,,,,,,,,,,,,,,
kb_left_shift,force_off,mp_triple_puff_soft,,,,,,,,,,,,,,,,,
kb_left_shift,force_off,mp_left_center_sip,,,,,,,,,,,,,,,,,
kb_left_shift,force_off 700,mp_center_puff,,,,,,,,,,,,,,,,,
kb_left_shift,force_off 260,mp_right_center_sip,,,,,,,,,,,,,,,,,
kb_left_shift,force_off,mp_triple_puff,,,,,,,,,,,,,,,,,
kb_left_shift,force_off,mp_triple_puff,,,,,,,,,,,,,,,,,
kb_left_shift,force_off 260,mp_right_sip,,,,,,,,,,,,,,,,,