https://docs.google.com/spreadsheets/d/1uNuoEx8lByuxlYAg0obPA4TqC4BZUlYvI-ZAI4xiW8w/edit	8BitDo Lite SE | 8BitDoSE.csv | https://docs.google.com/spreadsheets/d/1uNuoEx8lByuxlYAg0obPA4TqC4BZUlYvI-ZAI4xiW8w/edit | USB | UltraStik
https://docs.google.com/spreadsheets/d/1-GI3rNkmEr4_PwdxkcRi54D_d8r678_YWY5upl8w3O0/edit	8Bitdo Arcade Stick | 8BitdDo.csv | https://docs.google.com/spreadsheets/d/1-GI3rNkmEr4_PwdxkcRi54D_d8r678_YWY5upl8w3O0/edit | USB | UltraStik
https://docs.google.com/spreadsheets/d/1E5D78PjiPEDaUczk-nh09gVtHlTd7TJ2bOJ8J_H_MYs/edit	ATEC Example | atech.csv | https://docs.google.com/spreadsheets/d/1E5D78PjiPEDaUczk-nh09gVtHlTd7TJ2bOJ8J_H_MYs/edit | USB | UltraStik
https://docs.google.com/spreadsheets/d/1VYMORGGRyM8dn38KDhoi4p23ZdAviqmIXWJPHpMvik0/edit	Ablenet Hitch 2.0 Example | hitch.csv | https://docs.google.com/spreadsheets/d/1VYMORGGRyM8dn38KDhoi4p23ZdAviqmIXWJPHpMvik0/edit | USB | UltraStik
https://docs.google.com/spreadsheets/d/1pbZg9fQ5mYB58nGRMGgIw1_bftE5fDT1wWJqQyezevA/edit	Android Game Controller | android.csv | https://docs.google.com/spreadsheets/d/1pbZg9fQ5mYB58nGRMGgIw1_bftE5fDT1wWJqQyezevA/edit | BlueTooth | UltraStik
https://docs.google.com/spreadsheets/d/157QhirxtPjGIYf0DIaiiQ6bhxTD6GYuCz4gryrJEDIQ/edit	Assassin&#39;s Creed PC X360 | ac1.csv | https://docs.google.com/spreadsheets/d/157QhirxtPjGIYf0DIaiiQ6bhxTD6GYuCz4gryrJEDIQ/edit | USB
https://docs.google.com/spreadsheets/d/1IZNrA61dEuVmHme4eO73weoM4IrL9DA5lXLqOEqYcVk/edit	Assassin&#39;s Creed PC | ac1.csv | https://docs.google.com/spreadsheets/d/1IZNrA61dEuVmHme4eO73weoM4IrL9DA5lXLqOEqYcVk/edit | USB
https://docs.google.com/spreadsheets/d/1pdYDAWSbQ8tRTKNfcALrxsyjdFnyFLR2b6PrJRvI3FI/edit	Auto Right Stick Demo | autoright.csv | https://docs.google.com/spreadsheets/d/1pdYDAWSbQ8tRTKNfcALrxsyjdFnyFLR2b6PrJRvI3FI/edit | USB
https://docs.google.com/spreadsheets/d/1flfJtOlE3xmoyouULZSl4HIsbEETRLeufdoIuGu0T64/edit	Battlefield PS4 | bf4ps4.csv | https://docs.google.com/spreadsheets/d/1flfJtOlE3xmoyouULZSl4HIsbEETRLeufdoIuGu0T64/edit | USB
https://docs.google.com/spreadsheets/d/1EJTXtVnhs0MnDsbe3soK6KnWs8IB9dD7fjivMTUaThg/edit	Battlefield Xbox | battlex.csv | https://docs.google.com/spreadsheets/d/1EJTXtVnhs0MnDsbe3soK6KnWs8IB9dD7fjivMTUaThg/edit | USB
https://docs.google.com/spreadsheets/d/1-yVRey_ICl-OHtqK7FNBqxdJXPv7RA7AR_vayVurKOU/edit	Beloader Basic Configuration | beloader-basic.csv | https://docs.google.com/spreadsheets/d/1-yVRey_ICl-OHtqK7FNBqxdJXPv7RA7AR_vayVurKOU/edit | USB | 7
https://docs.google.com/spreadsheets/d/12W7Cjko_KiSo5QCFqwMyGXrRjvEfk0BC-QuyBrGKhsE/edit	Beloader Fortnite | fortnite ps4.csv | https://docs.google.com/spreadsheets/d/12W7Cjko_KiSo5QCFqwMyGXrRjvEfk0BC-QuyBrGKhsE/edit | USB | 7
https://docs.google.com/spreadsheets/d/1IzWBk_Au7t5DmvdXl1SgmRYHl1rlfQxRobcTsKi-lVM/edit	BioShock1 | bio1.csv | https://docs.google.com/spreadsheets/d/1IzWBk_Au7t5DmvdXl1SgmRYHl1rlfQxRobcTsKi-lVM/edit | USB
https://docs.google.com/spreadsheets/d/1EBz62ugQ3AwZMvBYeN7uPHWDNKNx3B693AbTtcDa2wk/edit	Blank Configuration | blank.csv | https://docs.google.com/spreadsheets/d/1EBz62ugQ3AwZMvBYeN7uPHWDNKNx3B693AbTtcDa2wk/edit | USB
https://docs.google.com/spreadsheets/d/1heehhKGSfbp8Tjym66u7qZ9tO1v18cyMLrrQcREYdK0/edit	Bluetooth Android Default Preferences | prefs.csv | https://docs.google.com/spreadsheets/d/1heehhKGSfbp8Tjym66u7qZ9tO1v18cyMLrrQcREYdK0/edit | USB | 0 | UltraStik
https://docs.google.com/spreadsheets/d/1xhqHIHAdFEbP5BGBBSP9_x24u0p2X11oBNeab3ULO-c/edit	Bluetooth Combo Default | default.csv | https://docs.google.com/spreadsheets/d/1xhqHIHAdFEbP5BGBBSP9_x24u0p2X11oBNeab3ULO-c/edit | BlueTooth
https://docs.google.com/spreadsheets/d/1q0hHDYr4_vC2Xq2xyqiYbuYXScDGmKv-1wN-zRAqp_4/edit	Bluetooth GamePad Default | default.csv | https://docs.google.com/spreadsheets/d/1q0hHDYr4_vC2Xq2xyqiYbuYXScDGmKv-1wN-zRAqp_4/edit | BlueTooth
https://docs.google.com/spreadsheets/d/1szx-JZfGFJOu9znzepOHiakDhLrZFKSLJ1bY6iOFmIU/edit	Bluetooth Mouse Default | default.csv | https://docs.google.com/spreadsheets/d/1szx-JZfGFJOu9znzepOHiakDhLrZFKSLJ1bY6iOFmIU/edit | BlueTooth
https://docs.google.com/spreadsheets/d/1w-QPNuNk9fPc96Bi9eEX-Aj8KJs21CbArLlSwm4k8WQ/edit	Bluetooth Mouse | amouse.csv | https://docs.google.com/spreadsheets/d/1w-QPNuNk9fPc96Bi9eEX-Aj8KJs21CbArLlSwm4k8WQ/edit | BlueTooth
https://docs.google.com/spreadsheets/d/17xihWaHSBvrODR7kHJalf3nyHhZGw8oqzsr4ZjaHTr0/edit	Brook Super Converter firmware updater | zzzbrook.csv | https://docs.google.com/spreadsheets/d/17xihWaHSBvrODR7kHJalf3nyHhZGw8oqzsr4ZjaHTr0/edit | USB | 1
https://docs.google.com/spreadsheets/d/1qiKzi5ALJxHWaXF9toR9uYdRiRIQ6zk2y0Aea6V2Z6M/edit	Brook Wingman FGC2 Remap clear | brook.csv | https://docs.google.com/spreadsheets/d/1qiKzi5ALJxHWaXF9toR9uYdRiRIQ6zk2y0Aea6V2Z6M/edit | USB
https://docs.google.com/spreadsheets/d/1f4Q5_tSEgdHWZbqwGpoQDYNCDOKENYljb0EJRn4eAsA/edit	Brook Wingman XB Cancel Remap and Turbo Settings | brookXB.csv | https://docs.google.com/spreadsheets/d/1f4Q5_tSEgdHWZbqwGpoQDYNCDOKENYljb0EJRn4eAsA/edit | USB
https://docs.google.com/spreadsheets/d/1ZaLPyNIdSMCUkW0VAfhwdT40DGd5x_VoxgOH-TJoHs4/edit	Call of Duty Advanced Warfare XBox One | codawx1.csv | https://docs.google.com/spreadsheets/d/1ZaLPyNIdSMCUkW0VAfhwdT40DGd5x_VoxgOH-TJoHs4/edit | USB
https://docs.google.com/spreadsheets/d/17y_EwxKpmMEgKcu2T2sq9bxB-_UPVwX-ZqQB611_SW0/edit	Call of Duty Advanced Warfare | codaw.csv | https://docs.google.com/spreadsheets/d/17y_EwxKpmMEgKcu2T2sq9bxB-_UPVwX-ZqQB611_SW0/edit | USB
https://docs.google.com/spreadsheets/d/1H9wKOeM84fq0Gre_vTucAUfM2ST6n0tbXKc087I3ibc/edit	Call of Duty UltraStik | cod.csv | https://docs.google.com/spreadsheets/d/1H9wKOeM84fq0Gre_vTucAUfM2ST6n0tbXKc087I3ibc/edit | USB | UltraStik
https://docs.google.com/spreadsheets/d/18TzKdbmJ_gmthciivPeVyoMBFnD1aPKqTZngK4WW6kA/edit	Call of Duty | cod.csv | https://docs.google.com/spreadsheets/d/18TzKdbmJ_gmthciivPeVyoMBFnD1aPKqTZngK4WW6kA/edit | USB
https://docs.google.com/spreadsheets/d/10kM0OEX9G0KBj3bujJYa9KEdSHmvRzxQGgMlNmzq4hw/edit	Copy of Mouse2 | default.csv | https://docs.google.com/spreadsheets/d/10kM0OEX9G0KBj3bujJYa9KEdSHmvRzxQGgMlNmzq4hw/edit | USB
https://docs.google.com/spreadsheets/d/1Rsdzz8g1udZO6O1uWAIHDhvJfbvSSMDl3e47oxmMYM8/edit	DS4 for PC | ps4.csv | https://docs.google.com/spreadsheets/d/1Rsdzz8g1udZO6O1uWAIHDhvJfbvSSMDl3e47oxmMYM8/edit | USB | 7
https://docs.google.com/spreadsheets/d/1Sl8nEFG4hnXOsvw3PB-OFNETfBGUq3S8AUM8oGP009o/edit	Dan NH/Batman Arkham Knight v | batmanarkhamknightv2.csv | https://docs.google.com/spreadsheets/d/1Sl8nEFG4hnXOsvw3PB-OFNETfBGUq3S8AUM8oGP009o/edit | USB
https://docs.google.com/spreadsheets/d/1b68GWVhGb-FjisWD0AVK9o-8m5Ne6Yfil80_SgGmWu0/edit	Dan NH/Copy of LOL | aLOL.csv | https://docs.google.com/spreadsheets/d/1b68GWVhGb-FjisWD0AVK9o-8m5Ne6Yfil80_SgGmWu0/edit | USB
https://docs.google.com/spreadsheets/d/1_m0_7E8jn8m7yALngs3C-maUbZO11sN6Wq3YBYlzg-Q/edit	Dan NH/Copy of World of Warcraft | awow.csv | https://docs.google.com/spreadsheets/d/1_m0_7E8jn8m7yALngs3C-maUbZO11sN6Wq3YBYlzg-Q/edit | USB
https://docs.google.com/spreadsheets/d/1cz0ZHhWYNRn-nMvGf_Z1myA22RaxEX804_xDwFVv1D4/edit	Dan NH/Counterstrikev2 | counterstrike.csv | https://docs.google.com/spreadsheets/d/1cz0ZHhWYNRn-nMvGf_Z1myA22RaxEX804_xDwFVv1D4/edit | USB
https://docs.google.com/spreadsheets/d/1fJY9kqrby3eMNfSWXghyM-_WlN8HxuJhDidV7fPRsQA/edit	Dan NH/Dragon Quest XI | dragonquestxi.csv | https://docs.google.com/spreadsheets/d/1fJY9kqrby3eMNfSWXghyM-_WlN8HxuJhDidV7fPRsQA/edit | USB
https://docs.google.com/spreadsheets/d/1GEiAj-6-NB2izh8GffiUwhhqv6QIdS2V-I4MBg3ltAE/edit	Dan NH/LOL | aLOL.csv | https://docs.google.com/spreadsheets/d/1GEiAj-6-NB2izh8GffiUwhhqv6QIdS2V-I4MBg3ltAE/edit | USB
https://docs.google.com/spreadsheets/d/1ItVcDPCnx2u7gjayvsKXezxFAtLOcX6QHdQYRwPyGcg/edit	Dan NH/Return of the Obra Dinn | obradinn.csv | https://docs.google.com/spreadsheets/d/1ItVcDPCnx2u7gjayvsKXezxFAtLOcX6QHdQYRwPyGcg/edit | USB
https://docs.google.com/spreadsheets/d/1doGb5OA3kS84FQN0MitukVKEJauFiRNPO3DMmhARSlI/edit	Dan NH/World of Warcraft | awow.csv | https://docs.google.com/spreadsheets/d/1doGb5OA3kS84FQN0MitukVKEJauFiRNPO3DMmhARSlI/edit | USB
https://docs.google.com/spreadsheets/d/1cDHb5PUQRLySYwuJM0OFSyCAZQixkV6qcYpWDyxY1Uw/edit	Deathloop KBM | deathloop.csv | https://docs.google.com/spreadsheets/d/1cDHb5PUQRLySYwuJM0OFSyCAZQixkV6qcYpWDyxY1Uw/edit | USB
https://docs.google.com/spreadsheets/d/1lGskHuoqahx3bVXJ3yLERtzkGmay_Z9WJaj3oC_CSx8/edit	Default Configuration XBox | default.csv | https://docs.google.com/spreadsheets/d/1lGskHuoqahx3bVXJ3yLERtzkGmay_Z9WJaj3oC_CSx8/edit | USB
https://docs.google.com/spreadsheets/d/1UBp9SK2UdohmhUXJhjEPVffqDrQJsMDKhvjQCHCjs5o/edit	Default Configuration for BSC | default.csv | https://docs.google.com/spreadsheets/d/1UBp9SK2UdohmhUXJhjEPVffqDrQJsMDKhvjQCHCjs5o/edit | USB
https://docs.google.com/spreadsheets/d/1w-LrAI-14rg2eC3kSBrMRk0hp3uXfUuy7x47T-pb530/edit	Default Configuration for Mouthpiece Only | default.csv | https://docs.google.com/spreadsheets/d/1w-LrAI-14rg2eC3kSBrMRk0hp3uXfUuy7x47T-pb530/edit | USB
https://docs.google.com/spreadsheets/d/1UD9fX_TiPWP_Vk2hwN5dFoZdfRL9hrwewtf3DJMssEk/edit	Default Configuration for PS4 with CronusMax | default.csv | https://docs.google.com/spreadsheets/d/1UD9fX_TiPWP_Vk2hwN5dFoZdfRL9hrwewtf3DJMssEk/edit | USB
https://docs.google.com/spreadsheets/d/142Em6Lyr8zT0f3RNI1rjBw92MQWpehcOAuvU6sHzxds/edit	Default Configuration | default.csv | https://docs.google.com/spreadsheets/d/142Em6Lyr8zT0f3RNI1rjBw92MQWpehcOAuvU6sHzxds/edit | USB
https://docs.google.com/spreadsheets/d/1-LNV-ifp4LwmFWejG6SfE4N_yHf5v9DMXpAWL5gtAzU/edit	Default PS4 PCPROG | default.csv | https://docs.google.com/spreadsheets/d/1-LNV-ifp4LwmFWejG6SfE4N_yHf5v9DMXpAWL5gtAzU/edit | USB
https://docs.google.com/spreadsheets/d/1Gbog-Tfim87kAev6qCw7-mfBn4eu229lsp5SZnsxr4U/edit	Default Preferences - FPS PS4 | prefs.csv | https://docs.google.com/spreadsheets/d/1Gbog-Tfim87kAev6qCw7-mfBn4eu229lsp5SZnsxr4U/edit | USB | 4 | UltraStik
https://docs.google.com/spreadsheets/d/1BAId__D321X5QJta-ILaoc3vWgXJa3e1fSp-u5c51rI/edit	Default Preferences - FPS | prefs.csv | https://docs.google.com/spreadsheets/d/1BAId__D321X5QJta-ILaoc3vWgXJa3e1fSp-u5c51rI/edit | USB | 0 | UltraStik
https://docs.google.com/spreadsheets/d/1wqTr6L-SA6uvEnNaPM-HEER3XAeneISzX9ZD8CEBWy4/edit	Default Preferences | prefs.csv | https://docs.google.com/spreadsheets/d/1wqTr6L-SA6uvEnNaPM-HEER3XAeneISzX9ZD8CEBWy4/edit | USB | 0 | UltraStik
https://docs.google.com/spreadsheets/d/1jfXQU1K210t5Nk0t-bHzMOg6ZvxUDnokO74Yvgf-SpE/edit	Default game controller with Bluetooth Mouse | default-bt.csv | https://docs.google.com/spreadsheets/d/1jfXQU1K210t5Nk0t-bHzMOg6ZvxUDnokO74Yvgf-SpE/edit | BlueTooth
https://docs.google.com/spreadsheets/d/1MVg8cIwlpiN9TTmRIMB3-vWpbEebJq5Wmt5qDp2yObo/edit	Destiny UltraStik | destiny.csv | https://docs.google.com/spreadsheets/d/1MVg8cIwlpiN9TTmRIMB3-vWpbEebJq5Wmt5qDp2yObo/edit | USB | UltraStik
https://docs.google.com/spreadsheets/d/1SQouaAS7jkhmTpQ5TxwFAicCPwor9qXv7r-ostKDAH0/edit	Destiny | destiny.csv | https://docs.google.com/spreadsheets/d/1SQouaAS7jkhmTpQ5TxwFAicCPwor9qXv7r-ostKDAH0/edit | USB
https://docs.google.com/spreadsheets/d/1z-Oeg_swPyB_zCjG8_qCzZoKZ-hN8GKqM3C7k3ltzns/edit	Devil May Cry | dmc.csv | https://docs.google.com/spreadsheets/d/1z-Oeg_swPyB_zCjG8_qCzZoKZ-hN8GKqM3C7k3ltzns/edit | USB
https://docs.google.com/spreadsheets/d/1iuu_RMmVJpIrr9xgDTIZZsYAieCulFBBYvSX2hRqiso/edit	Digital Inputs Test using USB socket | ditest.csv | https://docs.google.com/spreadsheets/d/1iuu_RMmVJpIrr9xgDTIZZsYAieCulFBBYvSX2hRqiso/edit | USB
https://docs.google.com/spreadsheets/d/1pChL-X3yV3QKqSLiAbvFHPSylIQAaDNte0phwxzyouE/edit	Digital Inputs Test | ditest.csv | https://docs.google.com/spreadsheets/d/1pChL-X3yV3QKqSLiAbvFHPSylIQAaDNte0phwxzyouE/edit | USB
https://docs.google.com/spreadsheets/d/1QGb8ZBUQBjVXWQdY6zylhXSIgKSZpRGVig3ohafmPDc/edit	Dual Shock 3 UltraStik | ds3.csv | https://docs.google.com/spreadsheets/d/1QGb8ZBUQBjVXWQdY6zylhXSIgKSZpRGVig3ohafmPDc/edit | USB | 1 | UltraStik
https://docs.google.com/spreadsheets/d/1wpEKfasdEPPDuDsZXsNli3D7zMMB5iA_l9KmCkzp5W4/edit	Dual Shock 3 | ds3.csv | https://docs.google.com/spreadsheets/d/1wpEKfasdEPPDuDsZXsNli3D7zMMB5iA_l9KmCkzp5W4/edit | USB | 1
https://docs.google.com/spreadsheets/d/1Husu2QRmFEE7v2UbgeJNGO2qoz4ooa0x2nHSqYJtRu8/edit	Dual UltraStiks | ultra2.csv | https://docs.google.com/spreadsheets/d/1Husu2QRmFEE7v2UbgeJNGO2qoz4ooa0x2nHSqYJtRu8/edit | USB | UltraStik
https://docs.google.com/spreadsheets/d/1cjzAsSRdQdt32Ja9h6KDf90lxn_08Qb0n3XuJz1ARa8/edit	Elite Dangerous PC | elite.csv | https://docs.google.com/spreadsheets/d/1cjzAsSRdQdt32Ja9h6KDf90lxn_08Qb0n3XuJz1ARa8/edit | USB
https://docs.google.com/spreadsheets/d/17PzKSXK0FBZN6AOLnQVxk0KzR1L_kcjOYnEcG0dyOL0/edit	Example PC Weapon Selectors | test.csv | https://docs.google.com/spreadsheets/d/17PzKSXK0FBZN6AOLnQVxk0KzR1L_kcjOYnEcG0dyOL0/edit | USB
https://docs.google.com/spreadsheets/d/1f9J51f__Vexir70tltRkZuBwsReCDm-uaQZCIpuE1Bo/edit	FPV Freerider | fpv.csv | https://docs.google.com/spreadsheets/d/1f9J51f__Vexir70tltRkZuBwsReCDm-uaQZCIpuE1Bo/edit | USB
https://docs.google.com/spreadsheets/d/1bdilXJ3XNPkSib6t_Jv9eUs8Dbdl309GhfVO26538Xw/edit	Fadi Default | default.csv | https://docs.google.com/spreadsheets/d/1bdilXJ3XNPkSib6t_Jv9eUs8Dbdl309GhfVO26538Xw/edit | USB | UltraStik
https://docs.google.com/spreadsheets/d/11y7DgYio3LH-uxSr8OxFFWeIiPXa_cabC6guIGLiXnk/edit	Far Cry 4 | farcry.csv | https://docs.google.com/spreadsheets/d/11y7DgYio3LH-uxSr8OxFFWeIiPXa_cabC6guIGLiXnk/edit | USB
https://docs.google.com/spreadsheets/d/1IXELetNPTwGKBm-ywDSS8mO9_dRcRGym6YZVU064B5M/edit	Far Cry 5 | farcry5.csv | https://docs.google.com/spreadsheets/d/1IXELetNPTwGKBm-ywDSS8mO9_dRcRGym6YZVU064B5M/edit | USB
https://docs.google.com/spreadsheets/d/1v-F3Fb-Q0JyFzrKQ48ZCA-yrFUR-En7EQFoJKVzLA-k/edit	Fire on release | default.csv | https://docs.google.com/spreadsheets/d/1v-F3Fb-Q0JyFzrKQ48ZCA-yrFUR-En7EQFoJKVzLA-k/edit | USB
https://docs.google.com/spreadsheets/d/1jxaFtfdx34mpbdY18ytuoXD78sorS4x3tkMx8meinCs/edit	Forza Motorsports 5 UltraStik | forza5.csv | https://docs.google.com/spreadsheets/d/1jxaFtfdx34mpbdY18ytuoXD78sorS4x3tkMx8meinCs/edit | USB | UltraStik
https://docs.google.com/spreadsheets/d/1gNTQ9jN5cG_ONfApZf0Au4WreNVpJ_BjaYMC7Llwp14/edit	Forza Motorsports 5 | forza5.csv | https://docs.google.com/spreadsheets/d/1gNTQ9jN5cG_ONfApZf0Au4WreNVpJ_BjaYMC7Llwp14/edit | USB
https://docs.google.com/spreadsheets/d/1TRP_eylzZEzMQTKoY26hHLYQrrGJ_wjJGDLu6h6ZtmY/edit	GTA V Cheat codes | GTA cheat.csv | https://docs.google.com/spreadsheets/d/1TRP_eylzZEzMQTKoY26hHLYQrrGJ_wjJGDLu6h6ZtmY/edit | USB
https://docs.google.com/spreadsheets/d/1_s1dFwj7zQo7xzro0RzC1UqTpTadpQUL3Qp_dGJBJkA/edit	Ghostbusters | ghstb.csv | https://docs.google.com/spreadsheets/d/1_s1dFwj7zQo7xzro0RzC1UqTpTadpQUL3Qp_dGJBJkA/edit | USB
https://docs.google.com/spreadsheets/d/1B7Fxx7SREQSEJlWchM4_HmeXEEavXP2pDa8qwMFsLdU/edit	Ghosts | ghosts.csv | https://docs.google.com/spreadsheets/d/1B7Fxx7SREQSEJlWchM4_HmeXEEavXP2pDa8qwMFsLdU/edit | USB
https://docs.google.com/spreadsheets/d/1nkM6KY8jIOm1rOjZ6ImgiE0w2W8w8QZ8E2C1JMRCycY/edit	Gran Turismo Sport | granturismo.csv | https://docs.google.com/spreadsheets/d/1nkM6KY8jIOm1rOjZ6ImgiE0w2W8w8QZ8E2C1JMRCycY/edit | USB
https://docs.google.com/spreadsheets/d/1EhNKF-FZqwb01XEF6_elpDEJASjb-QB3QQ-jgZ0nbJ4/edit	Grand Theft Auto 5 PC | gta5pc.csv | https://docs.google.com/spreadsheets/d/1EhNKF-FZqwb01XEF6_elpDEJASjb-QB3QQ-jgZ0nbJ4/edit | USB
https://docs.google.com/spreadsheets/d/1VV26NcHVW9-1L3ECM0NlsJ7zH7XjBQ9qA3IyvQABbl4/edit	Grand Theft Auto PS4-XBox One | gta.csv | https://docs.google.com/spreadsheets/d/1VV26NcHVW9-1L3ECM0NlsJ7zH7XjBQ9qA3IyvQABbl4/edit | USB
https://docs.google.com/spreadsheets/d/173WUmpyEE1mUyZFD-JHtlngoVyIgWu7CCq9oRmUFYkA/edit	Grand Theft Auto | gta.csv | https://docs.google.com/spreadsheets/d/173WUmpyEE1mUyZFD-JHtlngoVyIgWu7CCq9oRmUFYkA/edit | USB
https://docs.google.com/spreadsheets/d/1dYPr5lhu47GmIiPhlaRXmlAVfqJnTQ72JCDdfG6MKSA/edit	HORI Flex Controller | HORIflex.csv | https://docs.google.com/spreadsheets/d/1dYPr5lhu47GmIiPhlaRXmlAVfqJnTQ72JCDdfG6MKSA/edit | USB | UltraStik
https://docs.google.com/spreadsheets/d/1VExeLN7fuVnP2AiMUyToZlRkyI-K0BH3Tv0JiItPzfk/edit	HalfLife | halflife.csv | https://docs.google.com/spreadsheets/d/1VExeLN7fuVnP2AiMUyToZlRkyI-K0BH3Tv0JiItPzfk/edit | USB
https://docs.google.com/spreadsheets/d/1Ve7kzYEHkHJj--mWQcrzLVvnM62p0snLcbMOjoARcKw/edit	Halo Infinite | Halo Infinite WASD.csv | https://docs.google.com/spreadsheets/d/1Ve7kzYEHkHJj--mWQcrzLVvnM62p0snLcbMOjoARcKw/edit | USB
https://docs.google.com/spreadsheets/d/1TgkBFb_ZTvwcDaKHZ8XiglspZAK4Nd8ZxQr6hKUcAwc/edit	Heiko/World of Warship PC | wows.csv | https://docs.google.com/spreadsheets/d/1TgkBFb_ZTvwcDaKHZ8XiglspZAK4Nd8ZxQr6hKUcAwc/edit | USB | UltraStik
https://docs.google.com/spreadsheets/d/12FT30Ec5vWOU96wIYWHLM-2VM0GyGklEQrHLThWa_nw/edit	Journey UltraStik | journey.csv | https://docs.google.com/spreadsheets/d/12FT30Ec5vWOU96wIYWHLM-2VM0GyGklEQrHLThWa_nw/edit | USB | UltraStik
https://docs.google.com/spreadsheets/d/1mcndPYuI8NFSmo2i31LvFFAaQplXBNi8IzJlvoGd8Ug/edit	Journey | journey.csv | https://docs.google.com/spreadsheets/d/1mcndPYuI8NFSmo2i31LvFFAaQplXBNi8IzJlvoGd8Ug/edit | USB
https://docs.google.com/spreadsheets/d/1_evAFm7cl-6BeH1i998wi9m6im8JTjnNfdfxU9nHPDY/edit	Keyboard Test | keyboard.csv | https://docs.google.com/spreadsheets/d/1_evAFm7cl-6BeH1i998wi9m6im8JTjnNfdfxU9nHPDY/edit | USB
https://docs.google.com/spreadsheets/d/1RcFJ1fcDPrDhmDBgo84QhTybosCnyq-3xTpsDnuY29w/edit	Little Big Planet | lbp.csv | https://docs.google.com/spreadsheets/d/1RcFJ1fcDPrDhmDBgo84QhTybosCnyq-3xTpsDnuY29w/edit | USB
https://docs.google.com/spreadsheets/d/1LOEaUmdGfa-eQUuc7vLhCQkXRDZFXIo0JcKPCm4MEYY/edit	MLB13 | mlb13.csv | https://docs.google.com/spreadsheets/d/1LOEaUmdGfa-eQUuc7vLhCQkXRDZFXIo0JcKPCm4MEYY/edit | USB
https://docs.google.com/spreadsheets/d/1KAlwXwUDLDZBJdDMx06HrVbtfATt-6dGPZ2JuFIPSyo/edit	MX vs ATV Supercross Encore - Steam | mxvsatv.csv | https://docs.google.com/spreadsheets/d/1KAlwXwUDLDZBJdDMx06HrVbtfATt-6dGPZ2JuFIPSyo/edit | USB | 2
https://docs.google.com/spreadsheets/d/1Uc2IR9Em5cAySG8K1quFcYKzZek9MsgnqzGlcGOL0WQ/edit	MX vs ATV Unleashed - Steam | mxvsatvu.csv | https://docs.google.com/spreadsheets/d/1Uc2IR9Em5cAySG8K1quFcYKzZek9MsgnqzGlcGOL0WQ/edit | USB | 2
https://docs.google.com/spreadsheets/d/1HecQOiDXP5m1MT339oVTZ2yY-NPqeMunW2eJd_PED8o/edit	Mac | default.csv | https://docs.google.com/spreadsheets/d/1HecQOiDXP5m1MT339oVTZ2yY-NPqeMunW2eJd_PED8o/edit | USB | 0
https://docs.google.com/spreadsheets/d/1rEDy-PvZCX7cUb_6bDeVytnjBmiv3AzCQK0ufqjFJv8/edit	Madden | Maddness.csv | https://docs.google.com/spreadsheets/d/1rEDy-PvZCX7cUb_6bDeVytnjBmiv3AzCQK0ufqjFJv8/edit | USB
https://docs.google.com/spreadsheets/d/1v8m-dcp3lBb9d4fL0jb_53U1Kjy9co1wQU0MW3mRzvc/edit	Matt Victor COD Black Ops 3 | codbo3ps.csv | https://docs.google.com/spreadsheets/d/1v8m-dcp3lBb9d4fL0jb_53U1Kjy9co1wQU0MW3mRzvc/edit | USB
https://docs.google.com/spreadsheets/d/1nkiCnbG_kxJL6suR6DlPK610tDJjel8sY86eyTYgQdA/edit	Matt Victor CODMW | codmw.csv | https://docs.google.com/spreadsheets/d/1nkiCnbG_kxJL6suR6DlPK610tDJjel8sY86eyTYgQdA/edit | USB | UltraStik
https://docs.google.com/spreadsheets/d/1J8z-OnCSu_Po29M70KFtwRnB0JG0chdO17WPkkkOlYo/edit	Matt Victor DOOM | doom.csv | https://docs.google.com/spreadsheets/d/1J8z-OnCSu_Po29M70KFtwRnB0JG0chdO17WPkkkOlYo/edit | USB
https://docs.google.com/spreadsheets/d/1FTnXJB8mv70-Vl-qmilzwxpANm9c0yVmtyb8rOEdH_g/edit	Matt Victor Madden 18 | zzzmadden.csv | https://docs.google.com/spreadsheets/d/1FTnXJB8mv70-Vl-qmilzwxpANm9c0yVmtyb8rOEdH_g/edit | USB
https://docs.google.com/spreadsheets/d/1d4pDwktLYRuY8TM-XLKBApLJUd2UN2hOEk3RVSzp0UM/edit	Matt Victor Tomb Raider | tomb.csv | https://docs.google.com/spreadsheets/d/1d4pDwktLYRuY8TM-XLKBApLJUd2UN2hOEk3RVSzp0UM/edit | USB | UltraStik
https://docs.google.com/spreadsheets/d/1fdlx28uwnpgLirJKA7un-8jDe5wHgpHfWhfYGzKgIPA/edit	Mayflash FightStick F300 | Mayflash.csv | https://docs.google.com/spreadsheets/d/1fdlx28uwnpgLirJKA7un-8jDe5wHgpHfWhfYGzKgIPA/edit | USB | UltraStik
https://docs.google.com/spreadsheets/d/1O_xGluKamJUxJLl5G5eG9QNon6O4xpttYm-c3uKgsb4/edit	Microsoft PDP One Handed Joystick | default.csv | https://docs.google.com/spreadsheets/d/1O_xGluKamJUxJLl5G5eG9QNon6O4xpttYm-c3uKgsb4/edit | USB | UltraStik
https://docs.google.com/spreadsheets/d/1nTCUMQwOGrn43_Gw8VkjrPHiUW4_qlkrmHZDeWNXjBg/edit	Minecraft PC | mine.csv | https://docs.google.com/spreadsheets/d/1nTCUMQwOGrn43_Gw8VkjrPHiUW4_qlkrmHZDeWNXjBg/edit | USB | UltraStik
https://docs.google.com/spreadsheets/d/1ykA9ZFtZHP5kXn9KX_qQlFOZdHSof8b6XMi6NjJCv60/edit	Mouse | default.csv | https://docs.google.com/spreadsheets/d/1ykA9ZFtZHP5kXn9KX_qQlFOZdHSof8b6XMi6NjJCv60/edit | USB
https://docs.google.com/spreadsheets/d/1MGJoW8p0qbxN9TA9pdqmtv7lSM5fzH5-izkI8x_n6Ts/edit	Mouse2 BT and USB | default.csv | https://docs.google.com/spreadsheets/d/1MGJoW8p0qbxN9TA9pdqmtv7lSM5fzH5-izkI8x_n6Ts/edit | USB
https://docs.google.com/spreadsheets/d/19tOwTJBmNa9INcKfPcMpyPs2m1JwLZOV42kk2jhydWE/edit	Mouse2 USB A | mouse.csv | https://docs.google.com/spreadsheets/d/19tOwTJBmNa9INcKfPcMpyPs2m1JwLZOV42kk2jhydWE/edit | USB
https://docs.google.com/spreadsheets/d/1J-B4-raFs5mHL_PxT0zQjYqSAC78RKw6AlIZIb4nn6c/edit	Mouse2 UltraStik | mouse.csv | https://docs.google.com/spreadsheets/d/1J-B4-raFs5mHL_PxT0zQjYqSAC78RKw6AlIZIb4nn6c/edit | USB | UltraStik
https://docs.google.com/spreadsheets/d/1d4wToBa1davqtN95zdSTAzVxMwzHGgL7Htk24lLATE4/edit	Mouse2 no Flash - USB A | usba-mousenf.csv | https://docs.google.com/spreadsheets/d/1d4wToBa1davqtN95zdSTAzVxMwzHGgL7Htk24lLATE4/edit | USB | 6
https://docs.google.com/spreadsheets/d/1Oqv20msON79a9srqaEK_Bq4XAGKjzVF9uMcA8b6if0o/edit	Mouse2 no Flash | mouse2nf.csv | https://docs.google.com/spreadsheets/d/1Oqv20msON79a9srqaEK_Bq4XAGKjzVF9uMcA8b6if0o/edit | USB | 6
https://docs.google.com/spreadsheets/d/1OEgaQZUW5mC1BQCOQQl17UwQ4yVocFi1V7nmY3cVPgY/edit	Mouse2 with Flash USB-A | usba-mouse2.csv | https://docs.google.com/spreadsheets/d/1OEgaQZUW5mC1BQCOQQl17UwQ4yVocFi1V7nmY3cVPgY/edit | USB | 0
https://docs.google.com/spreadsheets/d/1dlSyxPjmEn4T0XojBWeLk3vYMkUdmHoW-ALUKjlKcfo/edit	Mouse2 with Flash | mousef.csv | https://docs.google.com/spreadsheets/d/1dlSyxPjmEn4T0XojBWeLk3vYMkUdmHoW-ALUKjlKcfo/edit | USB | 0
https://docs.google.com/spreadsheets/d/1Q5vE1Q8Za_yUsTm2GJTRsP_8VkMsr5VWhJe5d5romks/edit	Mouse2 | mouse.csv | https://docs.google.com/spreadsheets/d/1Q5vE1Q8Za_yUsTm2GJTRsP_8VkMsr5VWhJe5d5romks/edit | USB
https://docs.google.com/spreadsheets/d/1cdhWFyP5rfZZ8X7Z3JkrKmPqwjDE_1VaGOwbHsmjghQ/edit	Mouse3 | mouse.csv | https://docs.google.com/spreadsheets/d/1cdhWFyP5rfZZ8X7Z3JkrKmPqwjDE_1VaGOwbHsmjghQ/edit | USB
https://docs.google.com/spreadsheets/d/1JiKbMxgn5Tf-S1F5VFvYvbcYyMnm5CWyUfkauYbwj9c/edit	Multiple Outputs demo | demo.csv | https://docs.google.com/spreadsheets/d/1JiKbMxgn5Tf-S1F5VFvYvbcYyMnm5CWyUfkauYbwj9c/edit | USB
https://docs.google.com/spreadsheets/d/1D7Fv9lzpiWvTRFiTHiMZU0Fo8Yg1Q7Caud_6qEZTmiU/edit	NBA 2K PS4 | nba2k.csv | https://docs.google.com/spreadsheets/d/1D7Fv9lzpiWvTRFiTHiMZU0Fo8Yg1Q7Caud_6qEZTmiU/edit | USB
https://docs.google.com/spreadsheets/d/18JLSBlnmrpy0Z-o2ADCDmIwjXNhz-flX9-wq3tdVjFc/edit	NBA2k15 PC | nba2k.csv | https://docs.google.com/spreadsheets/d/18JLSBlnmrpy0Z-o2ADCDmIwjXNhz-flX9-wq3tdVjFc/edit | USB
https://docs.google.com/spreadsheets/d/1MOCYvz1GRbG7an1-VUUt6l-Snf2zJDis4jA-nnzbdX4/edit	Nintendo Switch Motion Controls | nsmotion.csv | https://docs.google.com/spreadsheets/d/1MOCYvz1GRbG7an1-VUUt6l-Snf2zJDis4jA-nnzbdX4/edit | USB | 5
https://docs.google.com/spreadsheets/d/1iIO1igPQ33kLoxUCwi_Ctns_1xER6uJsAuGEemXaY_E/edit	Nintendo Switch UltraStik | switch.csv | https://docs.google.com/spreadsheets/d/1iIO1igPQ33kLoxUCwi_Ctns_1xER6uJsAuGEemXaY_E/edit | USB | 5 | UltraStik
https://docs.google.com/spreadsheets/d/1dEzAnsfWepMu1huXhympfq2yXbBVLNotE3oYLFsE9qc/edit	Nintendo Switch | switch.csv | https://docs.google.com/spreadsheets/d/1dEzAnsfWepMu1huXhympfq2yXbBVLNotE3oYLFsE9qc/edit | USB | 5
https://docs.google.com/spreadsheets/d/1KCYi_X7p9bPnR4fJMFQwHoBiIhRMoXDIpYNMW3Cc2kQ/edit	No Side Tube Default | default.csv | https://docs.google.com/spreadsheets/d/1KCYi_X7p9bPnR4fJMFQwHoBiIhRMoXDIpYNMW3Cc2kQ/edit | USB
https://docs.google.com/spreadsheets/d/1_3xpzS9xHPp70-6DyZHrwypkx-gs40aVydMfvDDQXsY/edit	Ori and the Blind Forest - Steam | oristeam.csv | https://docs.google.com/spreadsheets/d/1_3xpzS9xHPp70-6DyZHrwypkx-gs40aVydMfvDDQXsY/edit | USB
https://docs.google.com/spreadsheets/d/1fyEffI1NS0xQKTO1cibLJ5F9JqAO9o_-1u8ePhRnsd8/edit	Ori and the Blind Forest - XBox One | orix1.csv | https://docs.google.com/spreadsheets/d/1fyEffI1NS0xQKTO1cibLJ5F9JqAO9o_-1u8ePhRnsd8/edit | USB
https://docs.google.com/spreadsheets/d/1b_2rDn_H-RF6lyhXkwfxywh7hnNyb6HdPZWIvd01vEs/edit	PS4 Full Crossover Default | ps4.csv | https://docs.google.com/spreadsheets/d/1b_2rDn_H-RF6lyhXkwfxywh7hnNyb6HdPZWIvd01vEs/edit | USB
https://docs.google.com/spreadsheets/d/1i9kv7tuBEiuI-ZqLyjeVfMaoujldw_4sauPu0eQxSUA/edit	PS4 with TouchPad for Mac | ps4.csv | https://docs.google.com/spreadsheets/d/1i9kv7tuBEiuI-ZqLyjeVfMaoujldw_4sauPu0eQxSUA/edit | USB | 4
https://docs.google.com/spreadsheets/d/1GjszUK9nmZkBCx54bq4EqaXOLHI8oZ7UfaJKf2DsVzU/edit	PS4 with TouchPad | ps4.csv | https://docs.google.com/spreadsheets/d/1GjszUK9nmZkBCx54bq4EqaXOLHI8oZ7UfaJKf2DsVzU/edit | USB
https://docs.google.com/spreadsheets/d/1YhhrWUFfSGojAUqahsE9_2iAAWIep_AOcbjwcDww-WE/edit	PeriPad 504 Tester | default.csv | https://docs.google.com/spreadsheets/d/1YhhrWUFfSGojAUqahsE9_2iAAWIep_AOcbjwcDww-WE/edit | USB | UltraStik
https://docs.google.com/spreadsheets/d/1VZTDSxarRspVW8gqvod16IrCsFuUk1m4u1Ggqw8K8Yg/edit	Portal2 UltraStik | portal2.csv | https://docs.google.com/spreadsheets/d/1VZTDSxarRspVW8gqvod16IrCsFuUk1m4u1Ggqw8K8Yg/edit | USB | UltraStik
https://docs.google.com/spreadsheets/d/16iyqEcHa-2ocCqdTnrzyC6zp64WT3wcF_PeH0IBK8AY/edit	Portal2 for XBox USB-A | portal2x.csv | https://docs.google.com/spreadsheets/d/16iyqEcHa-2ocCqdTnrzyC6zp64WT3wcF_PeH0IBK8AY/edit | USB
https://docs.google.com/spreadsheets/d/12chbpPU4yCuxJ3DBBDoamhGblTaLfqhrENMxsxgvM2s/edit	Portal2 for XBox | portal2x.csv | https://docs.google.com/spreadsheets/d/12chbpPU4yCuxJ3DBBDoamhGblTaLfqhrENMxsxgvM2s/edit | USB
https://docs.google.com/spreadsheets/d/1Ln3qyIe6yuKSKrvttKVskS_At7BjtPzyhmMVmWk-DI8/edit	Portal2 | portal2.csv | https://docs.google.com/spreadsheets/d/1Ln3qyIe6yuKSKrvttKVskS_At7BjtPzyhmMVmWk-DI8/edit | USB
https://docs.google.com/spreadsheets/d/1zyAcJIwOFUmcwP4bPy4TtF6TR1ydH08JJvtJbijvTuo/edit	Project Cars PC | prjcars.csv | https://docs.google.com/spreadsheets/d/1zyAcJIwOFUmcwP4bPy4TtF6TR1ydH08JJvtJbijvTuo/edit | USB
https://docs.google.com/spreadsheets/d/1JjdHjzUOnd7-UxePjCnPIZyNWdkoPtzA_c-bBJTw2mM/edit	Red Dead Redemption | rdr2.csv | https://docs.google.com/spreadsheets/d/1JjdHjzUOnd7-UxePjCnPIZyNWdkoPtzA_c-bBJTw2mM/edit | USB
https://docs.google.com/spreadsheets/d/1fIqst8Ir7Vbq5ydwsD_G1w29xz7qDsPQkNVaSqmbxL4/edit	Red Dead Redemption - No fishing | rdr2.csv | https://docs.google.com/spreadsheets/d/1fIqst8Ir7Vbq5ydwsD_G1w29xz7qDsPQkNVaSqmbxL4/edit | USB | UltraStik
https://docs.google.com/spreadsheets/d/1N9GNAPCwpAY-KaNlZkJAbrW8l2XFKZEMUiZh2DIC_V0/edit	Rocket League X360CE UltraStik | rcktlgx.csv | https://docs.google.com/spreadsheets/d/1N9GNAPCwpAY-KaNlZkJAbrW8l2XFKZEMUiZh2DIC_V0/edit | USB | 2 | UltraStik
https://docs.google.com/spreadsheets/d/1Fbt4mCdJzMYwdO09o9Mv3suQDNQ8kAMfvxaY1QMHQJ0/edit	Rocket League X360CE | rcktlgx.csv | https://docs.google.com/spreadsheets/d/1Fbt4mCdJzMYwdO09o9Mv3suQDNQ8kAMfvxaY1QMHQJ0/edit | USB | 2
https://docs.google.com/spreadsheets/d/1TYt6AkPdCEFPAV1qVGYTKcWIQrq6lASYBhMh9kHiN9o/edit	RockyNoHands Fortnite PS4 | fortnite ps4.csv | https://docs.google.com/spreadsheets/d/1TYt6AkPdCEFPAV1qVGYTKcWIQrq6lASYBhMh9kHiN9o/edit | USB
https://docs.google.com/spreadsheets/d/1wo9W9F8cI78hMxZ0yWny_laBtY1BzL5NOZ5hkarVGGY/edit	RockyNoHands Fortnite XBox 360 for PC | Fortnitepc.csv | https://docs.google.com/spreadsheets/d/1wo9W9F8cI78hMxZ0yWny_laBtY1BzL5NOZ5hkarVGGY/edit | USB | 3
https://docs.google.com/spreadsheets/d/1KgW6_1QT6Th3OSxZrC7olMb9KsfTQ-GGUvvXFG6--Ro/edit	RockyNoHands PUBG PC | pubg.csv | https://docs.google.com/spreadsheets/d/1KgW6_1QT6Th3OSxZrC7olMb9KsfTQ-GGUvvXFG6--Ro/edit | USB
https://docs.google.com/spreadsheets/d/1Xp0LB9CzaX1QpEN5hMXcgrVq5yZ6kuphNt7STqasUMo/edit	Samsung TV | samsung.csv | https://docs.google.com/spreadsheets/d/1Xp0LB9CzaX1QpEN5hMXcgrVq5yZ6kuphNt7STqasUMo/edit | USB
https://docs.google.com/spreadsheets/d/1P4nebv1OVGsG8f8udgmUMy2He3rQ_Ttp2Zj48ur3eNk/edit	Screen Saver | screensaver.csv | https://docs.google.com/spreadsheets/d/1P4nebv1OVGsG8f8udgmUMy2He3rQ_Ttp2Zj48ur3eNk/edit | USB | 9
https://docs.google.com/spreadsheets/d/1RFcGkPcnn-H9td8HRqvVOc0AuPlJAArUmSdB7QHbrrI/edit	Sea of Thieves | seaofthieves.csv | https://docs.google.com/spreadsheets/d/1RFcGkPcnn-H9td8HRqvVOc0AuPlJAArUmSdB7QHbrrI/edit | USB
https://docs.google.com/spreadsheets/d/1EcG67yp8_PxZE-V4RMFMninY0G43Wlal4TyM-c-S_Ok/edit	Shadow of Mordor PC | ShadowMor.csv | https://docs.google.com/spreadsheets/d/1EcG67yp8_PxZE-V4RMFMninY0G43Wlal4TyM-c-S_Ok/edit | USB | 3
https://docs.google.com/spreadsheets/d/1kjHtZpt7wgWAcrDtMqw9eJu7W8v48BRS18PLVV8YaEU/edit	Shadow of Mordor XBox One | zmodor.csv | https://docs.google.com/spreadsheets/d/1kjHtZpt7wgWAcrDtMqw9eJu7W8v48BRS18PLVV8YaEU/edit | USB
https://docs.google.com/spreadsheets/d/1NfU7uvp3EZFWCTizgdQDEM7cFl4xe7Wu5VnpToJ8B8E/edit	Silas P. (PC)/007 - First Light x360 | 007FirstLight.csv | https://docs.google.com/spreadsheets/d/1NfU7uvp3EZFWCTizgdQDEM7cFl4xe7Wu5VnpToJ8B8E/edit | USB | 0 | UltraStik
https://docs.google.com/spreadsheets/d/1H-BEo678Amwp9JwEH9Ek3mhR26fdvGoS81ulqWGmftc/edit	Silas P. (PC)/A Plague Tale 1+2 | PlagueTale.csv | https://docs.google.com/spreadsheets/d/1H-BEo678Amwp9JwEH9Ek3mhR26fdvGoS81ulqWGmftc/edit | USB | UltraStik
https://docs.google.com/spreadsheets/d/1Gw6ydYt1-Jn5qJCzo0Q7YhMTuZKg7GhItYrJA4ApeaU/edit	Silas P. (PC)/A Way Out | AWayOut.csv | https://docs.google.com/spreadsheets/d/1Gw6ydYt1-Jn5qJCzo0Q7YhMTuZKg7GhItYrJA4ApeaU/edit | USB | UltraStik
https://docs.google.com/spreadsheets/d/1j-7sSCQxk7AGqaBTKWZ0Jek3WGV56BjXANZNWaJTNHI/edit	Silas P. (PC)/ARC Raiders x360 | ARCRaiders.csv | https://docs.google.com/spreadsheets/d/1j-7sSCQxk7AGqaBTKWZ0Jek3WGV56BjXANZNWaJTNHI/edit | USB | 0 | UltraStik
https://docs.google.com/spreadsheets/d/10u6sdeXQrGstrgyEd9F0vVVlNhZbO7Mpa6eV3Csw04w/edit	Silas P. (PC)/Alan Wake II | AlanWakeII.csv | https://docs.google.com/spreadsheets/d/10u6sdeXQrGstrgyEd9F0vVVlNhZbO7Mpa6eV3Csw04w/edit | USB | UltraStik
https://docs.google.com/spreadsheets/d/1b31Tna8v829uzOD0Lmo79ysbbF2lP8aAdw_0C6UmTG8/edit	Silas P. (PC)/Apex x360 | apex360.csv | https://docs.google.com/spreadsheets/d/1b31Tna8v829uzOD0Lmo79ysbbF2lP8aAdw_0C6UmTG8/edit | USB | 3
https://docs.google.com/spreadsheets/d/1ZEkfoeMHQrfYr7earcSgU1xCqgngHSEmL2tXz7Q_CjY/edit	Silas P. (PC)/Apex | apex.csv | https://docs.google.com/spreadsheets/d/1ZEkfoeMHQrfYr7earcSgU1xCqgngHSEmL2tXz7Q_CjY/edit | USB
https://docs.google.com/spreadsheets/d/1ssATHDzzXmztD72iqOSQV4QZ4k_TXx3DdOhQaaiP4bw/edit	Silas P. (PC)/Assassin&#39;s Creed IV - Black Flag Resynced | AC4BFR.csv | https://docs.google.com/spreadsheets/d/1ssATHDzzXmztD72iqOSQV4QZ4k_TXx3DdOhQaaiP4bw/edit | USB | UltraStik
https://docs.google.com/spreadsheets/d/1N37L5cvv4Ys7XiA8Khx7XaQCrMaQdsJQmDgou9NvZTA/edit	Silas P. (PC)/Assassin&#39;s Creed Unity | ACUnity.csv | https://docs.google.com/spreadsheets/d/1N37L5cvv4Ys7XiA8Khx7XaQCrMaQdsJQmDgou9NvZTA/edit | USB
https://docs.google.com/spreadsheets/d/1c9vz84_v9iX2Wk3Dagz6Ek7SZSpUiz5f8Xfbq2gD7y8/edit	Silas P. (PC)/Avatar - Frontiers of Pandora | AFOP.csv | https://docs.google.com/spreadsheets/d/1c9vz84_v9iX2Wk3Dagz6Ek7SZSpUiz5f8Xfbq2gD7y8/edit | USB | UltraStik
https://docs.google.com/spreadsheets/d/1JbWzWfFS2PUDTub6HubE7g92A3BPififiOBgOAlUdTE/edit	Silas P. (PC)/Baldurs Gate 3 | BaldursGate3.csv | https://docs.google.com/spreadsheets/d/1JbWzWfFS2PUDTub6HubE7g92A3BPififiOBgOAlUdTE/edit | BlueTooth | UltraStik
https://docs.google.com/spreadsheets/d/1FR4vZQKxkJmP4Us-DWljjs19xrzc_cQWsCdzTdt61FU/edit	Silas P. (PC)/Batman Arkham City | BatmanArkhamCity.csv | https://docs.google.com/spreadsheets/d/1FR4vZQKxkJmP4Us-DWljjs19xrzc_cQWsCdzTdt61FU/edit | USB | UltraStik
https://docs.google.com/spreadsheets/d/1avRnDQFKaYxDyeCy_4zgpHG4sgwEDbxgnZYF2Fn0bdg/edit	Silas P. (PC)/BattleBit Remastered PC | BattleBitPC.csv | https://docs.google.com/spreadsheets/d/1avRnDQFKaYxDyeCy_4zgpHG4sgwEDbxgnZYF2Fn0bdg/edit | USB
https://docs.google.com/spreadsheets/d/1DtlwQonmFcQA_j6mVQnJzG-UjQln7MwbYq4s7AQBiVw/edit	Silas P. (PC)/Battlefield 2042 QMP4 | BF2042.csv | https://docs.google.com/spreadsheets/d/1DtlwQonmFcQA_j6mVQnJzG-UjQln7MwbYq4s7AQBiVw/edit | USB | 0 | UltraStik
https://docs.google.com/spreadsheets/d/1h-0w0iTHO4oXhp5SS2XmfuKLZc2uCEF_DW64qkWPsNM/edit	Silas P. (PC)/Battlefield 6 x360 | BF6.csv | https://docs.google.com/spreadsheets/d/1h-0w0iTHO4oXhp5SS2XmfuKLZc2uCEF_DW64qkWPsNM/edit | USB | 0 | UltraStik
https://docs.google.com/spreadsheets/d/1qC6MbVyGxbGCEqhAwPuCWwTA3uDdduh3zbEjpvOZSEI/edit	Silas P. (PC)/Battlefield V PC | BFV.csv | https://docs.google.com/spreadsheets/d/1qC6MbVyGxbGCEqhAwPuCWwTA3uDdduh3zbEjpvOZSEI/edit | USB
https://docs.google.com/spreadsheets/d/1pJ2nN-BChvORwOW7hqFJB9FQHbOKBlMSl8ItPs2OIds/edit	Silas P. (PC)/Chained together | Chainedtogether.csv | https://docs.google.com/spreadsheets/d/1pJ2nN-BChvORwOW7hqFJB9FQHbOKBlMSl8ItPs2OIds/edit | USB | UltraStik
https://docs.google.com/spreadsheets/d/1obdIB9mXtT3LVMWaylADG3Ay6hh4GPcwZktzCSmBfTY/edit	Silas P. (PC)/CoD BOCW x360 MP | BOCWxboxmp.csv | https://docs.google.com/spreadsheets/d/1obdIB9mXtT3LVMWaylADG3Ay6hh4GPcwZktzCSmBfTY/edit | USB | 3
https://docs.google.com/spreadsheets/d/1Neb8ihhZ2_Pkd_fFTywtnVa6-6NJI6ofdeR4sCBOa8s/edit	Silas P. (PC)/CoD Black Ops 6 - MP/Zombies x360 (QMP4) | zzCoDZBO6.csv | https://docs.google.com/spreadsheets/d/1Neb8ihhZ2_Pkd_fFTywtnVa6-6NJI6ofdeR4sCBOa8s/edit | USB | 0 | UltraStik
https://docs.google.com/spreadsheets/d/19BUAl_q8GHpsQiBYeLw0dcw4dDt67BmO4nmbmpxVh-w/edit	Silas P. (PC)/CoD Black Ops 6 - Single Player x360 (QMP4) | zzCoDBO6SP.csv | https://docs.google.com/spreadsheets/d/19BUAl_q8GHpsQiBYeLw0dcw4dDt67BmO4nmbmpxVh-w/edit | USB | 0 | UltraStik
https://docs.google.com/spreadsheets/d/14Q2FNcWSbXmQKaFssQOEySsZ5ZDZ3lVlsJk6SejRfsQ/edit	Silas P. (PC)/CoD Black Ops 6 - TEST WZ 2.0 x360 (QMP4) | zzCoDWZBO6.csv | https://docs.google.com/spreadsheets/d/14Q2FNcWSbXmQKaFssQOEySsZ5ZDZ3lVlsJk6SejRfsQ/edit | USB | 0 | UltraStik
https://docs.google.com/spreadsheets/d/1OEhv6k4G7UpUWSJ6uIbB6HbOfw5bvufCOxFlwRTjdXc/edit	Silas P. (PC)/CoD Black Ops 6 - WZ 2.0 x360 (QMP4) | zzCoDWZBO6.csv | https://docs.google.com/spreadsheets/d/1OEhv6k4G7UpUWSJ6uIbB6HbOfw5bvufCOxFlwRTjdXc/edit | USB | 0 | UltraStik
https://docs.google.com/spreadsheets/d/1JTCP8MmvQ8bfBzevGQCGZd5FPX5joA-UJ1MJbOTYy_4/edit	Silas P. (PC)/CoD Modern Warfare 4 - MP x360 (QMP4) | zzCoDMWIV.csv | https://docs.google.com/spreadsheets/d/1JTCP8MmvQ8bfBzevGQCGZd5FPX5joA-UJ1MJbOTYy_4/edit | USB | 0 | UltraStik
https://docs.google.com/spreadsheets/d/1EMjzgjjIG47P-904Jip9bqOUEBTmoeJoDkpChdU1Puo/edit	Silas P. (PC)/CoD Modern Warfare II - WZ 2.0 x360 (QMP4) | zzCoDWZMP2.csv | https://docs.google.com/spreadsheets/d/1EMjzgjjIG47P-904Jip9bqOUEBTmoeJoDkpChdU1Puo/edit | USB | 0 | UltraStik
https://docs.google.com/spreadsheets/d/1X1Atq6Jerfj4klh8GpyG7dXvgRb-bD4wyZW_sNAh2c4/edit	Silas P. (PC)/CoD Modern Warfare II Story x360 (QMP4) | zzCoDTestingx360.csv | https://docs.google.com/spreadsheets/d/1X1Atq6Jerfj4klh8GpyG7dXvgRb-bD4wyZW_sNAh2c4/edit | USB | 0 | UltraStik
https://docs.google.com/spreadsheets/d/1eSkMSW4EAAjzR_Bisgjj0m-RRPhJ24XMvwDkHDzTZC8/edit	Silas P. (PC)/CoD Modern Warfare III - WZ 2.0 x360 (QMP4) | zzCoDWZMP3.csv | https://docs.google.com/spreadsheets/d/1eSkMSW4EAAjzR_Bisgjj0m-RRPhJ24XMvwDkHDzTZC8/edit | USB | 0 | UltraStik
https://docs.google.com/spreadsheets/d/1vuug3D-TykDBeZsNet1cLpgiIsHqFzV6HJ2Mk_rIfmw/edit	Silas P. (PC)/Construction-Simulator | ConstructionSim.csv | https://docs.google.com/spreadsheets/d/1vuug3D-TykDBeZsNet1cLpgiIsHqFzV6HJ2Mk_rIfmw/edit | USB
https://docs.google.com/spreadsheets/d/1UN9s3MlNWSrDpkH2sniLMEjgHoEOkVvukMSQyOgZFEY/edit	Silas P. (PC)/Control | Control.csv | https://docs.google.com/spreadsheets/d/1UN9s3MlNWSrDpkH2sniLMEjgHoEOkVvukMSQyOgZFEY/edit | USB
https://docs.google.com/spreadsheets/d/17jvrVGvfI1HnUBzwG7VtXgG4zNl6cFvSXRrY5j3Rzyc/edit	Silas P. (PC)/Cooking Simulator | cooking.csv | https://docs.google.com/spreadsheets/d/17jvrVGvfI1HnUBzwG7VtXgG4zNl6cFvSXRrY5j3Rzyc/edit | USB
https://docs.google.com/spreadsheets/d/1EaItmqYCPUmKiZo9qTN5JDBc5yq9u1YnGy3yCbW7NJA/edit	Silas P. (PC)/Copy of Flight Simulator 20 | fs2020.csv | https://docs.google.com/spreadsheets/d/1EaItmqYCPUmKiZo9qTN5JDBc5yq9u1YnGy3yCbW7NJA/edit | USB
https://docs.google.com/spreadsheets/d/1xgeJK9MdQ-e5TfoFXC1fypyoQqCV4jCHI_2XukUbJzQ/edit	Silas P. (PC)/Cyberpunk 2077 Controller | Cyberpunk.csv | https://docs.google.com/spreadsheets/d/1xgeJK9MdQ-e5TfoFXC1fypyoQqCV4jCHI_2XukUbJzQ/edit | USB | 3
https://docs.google.com/spreadsheets/d/169Z5ZDN_tt_Nk-06OB7NVKif-rQdQDlNfFv-J-9ZvlU/edit	Silas P. (PC)/Cyberpunk 2077 PC KO | CyberPunkKO.csv | https://docs.google.com/spreadsheets/d/169Z5ZDN_tt_Nk-06OB7NVKif-rQdQDlNfFv-J-9ZvlU/edit | USB
https://docs.google.com/spreadsheets/d/1-V2CO92PWVJw0OB_LfyCCgrQIit4MQvLgnTAjTf17Tk/edit	Silas P. (PC)/Cyberpunk 2077 PC QMP4 | CyberPunk.csv | https://docs.google.com/spreadsheets/d/1-V2CO92PWVJw0OB_LfyCCgrQIit4MQvLgnTAjTf17Tk/edit | USB | UltraStik
https://docs.google.com/spreadsheets/d/1hebQa5_ULEVIKfTU9nYBg9kMwSZL1WlGGaSgWhe-X-4/edit	Silas P. (PC)/Dead Space Rem PC | DeadSpace.csv | https://docs.google.com/spreadsheets/d/1hebQa5_ULEVIKfTU9nYBg9kMwSZL1WlGGaSgWhe-X-4/edit | USB | UltraStik
https://docs.google.com/spreadsheets/d/1EAKy4QzOnqirw99vqmSFOC6VwK-TNTQENPq0KcCibB8/edit	Silas P. (PC)/Dead Space Rem x360 (QMP4) | DeadSpacex360.csv | https://docs.google.com/spreadsheets/d/1EAKy4QzOnqirw99vqmSFOC6VwK-TNTQENPq0KcCibB8/edit | USB | 0
https://docs.google.com/spreadsheets/d/1exH00SUYKmG5ecrh4pk4eLW7IRUQNb5tF-FCZryA40o/edit	Silas P. (PC)/Deep Rock Galactic: Survivor | DeepRockSurvivor.csv | https://docs.google.com/spreadsheets/d/1exH00SUYKmG5ecrh4pk4eLW7IRUQNb5tF-FCZryA40o/edit | USB | UltraStik
https://docs.google.com/spreadsheets/d/1KoYF9fnW9oe8Dmdg_xFGKT1yTzlniSvhgaCShyQF0Lk/edit	Silas P. (PC)/DeepRock | DeepRock.csv | https://docs.google.com/spreadsheets/d/1KoYF9fnW9oe8Dmdg_xFGKT1yTzlniSvhgaCShyQF0Lk/edit | USB
https://docs.google.com/spreadsheets/d/1g6ZoZx3l9fRBOZn5V-gKRPljb8UqSxElpbKpH9b9b94/edit	Silas P. (PC)/Default Shooter Profile | example.csv | https://docs.google.com/spreadsheets/d/1g6ZoZx3l9fRBOZn5V-gKRPljb8UqSxElpbKpH9b9b94/edit | USB | UltraStik
https://docs.google.com/spreadsheets/d/1ixKvp1I7hnSTCxip9N3BITqRzxiVqUXQ2auzYQpzEXw/edit	Silas P. (PC)/Default Shooter x360 | example2.csv | https://docs.google.com/spreadsheets/d/1ixKvp1I7hnSTCxip9N3BITqRzxiVqUXQ2auzYQpzEXw/edit | USB | 0 | UltraStik
https://docs.google.com/spreadsheets/d/1KwQPwEljy-Pr4hUaojmsI1BVfuJkZUtMF79Ij8wPiog/edit	Silas P. (PC)/Deliver At All Costs | DeliverAtAllCosts.csv | https://docs.google.com/spreadsheets/d/1KwQPwEljy-Pr4hUaojmsI1BVfuJkZUtMF79Ij8wPiog/edit | USB | 0
https://docs.google.com/spreadsheets/d/1cejbrI7y7HyY7H9LVqum6adXiRUbcoiSS18gGGR2YUQ/edit	Silas P. (PC)/Denshattack | Denshattack.csv | https://docs.google.com/spreadsheets/d/1cejbrI7y7HyY7H9LVqum6adXiRUbcoiSS18gGGR2YUQ/edit | USB | 0
https://docs.google.com/spreadsheets/d/1koueOeAvLoSw_P6SQnL50G46Vc-KXjdiePo3G_FedDw/edit	Silas P. (PC)/Divinity Original Sin II | DivinityII.csv | https://docs.google.com/spreadsheets/d/1koueOeAvLoSw_P6SQnL50G46Vc-KXjdiePo3G_FedDw/edit | USB
https://docs.google.com/spreadsheets/d/18H90AlTF2gLjoG6H1QYiFnOC5ZaiTWQ0Uc72QLM7IOM/edit	Silas P. (PC)/Doom | doom.csv | https://docs.google.com/spreadsheets/d/18H90AlTF2gLjoG6H1QYiFnOC5ZaiTWQ0Uc72QLM7IOM/edit | USB
https://docs.google.com/spreadsheets/d/1jDxHP_SIoWuSiV33EuFAzYJwMPa0PoZyKdreXSS6THU/edit	Silas P. (PC)/Enshrouded | Enshrouded.csv | https://docs.google.com/spreadsheets/d/1jDxHP_SIoWuSiV33EuFAzYJwMPa0PoZyKdreXSS6THU/edit | USB | UltraStik
https://docs.google.com/spreadsheets/d/1ahAn9pJFb_4eRSlsPkB-tQy3pUtOlZbIt8xk0JtzEIA/edit	Silas P. (PC)/Eurotruck Simulator 2 | Ets2.csv | https://docs.google.com/spreadsheets/d/1ahAn9pJFb_4eRSlsPkB-tQy3pUtOlZbIt8xk0JtzEIA/edit | USB
https://docs.google.com/spreadsheets/d/1REebj5PEBOYgY72BAWqxbluikm04CCL-s_htF0AH9-0/edit	Silas P. (PC)/FSX/P3D | fsx.csv | https://docs.google.com/spreadsheets/d/1REebj5PEBOYgY72BAWqxbluikm04CCL-s_htF0AH9-0/edit | USB
https://docs.google.com/spreadsheets/d/14Wu6gM8SGU8Yd11IQw8RvGLSfcVgRbmhWbxXHZNDyDA/edit	Silas P. (PC)/Far Cry 3 PC | fc3pc.csv | https://docs.google.com/spreadsheets/d/14Wu6gM8SGU8Yd11IQw8RvGLSfcVgRbmhWbxXHZNDyDA/edit | USB | UltraStik
https://docs.google.com/spreadsheets/d/1eVkzxsTS4fW-BK7y3OCP0YMdK4OewhhRmqrO10vzgeg/edit	Silas P. (PC)/Far Cry 4 PC | fc4pc.csv | https://docs.google.com/spreadsheets/d/1eVkzxsTS4fW-BK7y3OCP0YMdK4OewhhRmqrO10vzgeg/edit | USB
https://docs.google.com/spreadsheets/d/1pk_POZlw-oUN2iPXkQQotn0G0KwyC8-1aNfWE6aVFxs/edit	Silas P. (PC)/Far Cry 5 PC | fc5pc.csv | https://docs.google.com/spreadsheets/d/1pk_POZlw-oUN2iPXkQQotn0G0KwyC8-1aNfWE6aVFxs/edit | USB
https://docs.google.com/spreadsheets/d/1_e_EeCCK1oqTBX0-NzCJq14ccEEFPjgS1LBw0Ifyftg/edit	Silas P. (PC)/Far Cry 6 PC | fc6pc.csv | https://docs.google.com/spreadsheets/d/1_e_EeCCK1oqTBX0-NzCJq14ccEEFPjgS1LBw0Ifyftg/edit | USB
https://docs.google.com/spreadsheets/d/1H4l1Bn6veSrsSofLhrLY6JCvLoqnwKi2oejWLB6N1l8/edit	Silas P. (PC)/Farming Simulator 17 | FS17.csv | https://docs.google.com/spreadsheets/d/1H4l1Bn6veSrsSofLhrLY6JCvLoqnwKi2oejWLB6N1l8/edit | USB
https://docs.google.com/spreadsheets/d/1zPsLY_dECZsaBDINfBUMaxciuaaa8ghlYk9UJV5qgjM/edit	Silas P. (PC)/Flight Simulator 20 | fs2020.csv | https://docs.google.com/spreadsheets/d/1zPsLY_dECZsaBDINfBUMaxciuaaa8ghlYk9UJV5qgjM/edit | USB
https://docs.google.com/spreadsheets/d/1nnljEgobdSer46u8tl_sirSDFZJ6MxOfi7BzoLHf8OI/edit	Silas P. (PC)/Flight Simulator 24 | fs2024.csv | https://docs.google.com/spreadsheets/d/1nnljEgobdSer46u8tl_sirSDFZJ6MxOfi7BzoLHf8OI/edit | USB | UltraStik
https://docs.google.com/spreadsheets/d/1-fXz7Uazyok9o5EGzDGS8W__zpGZgwJ5qCJEtm1xTRc/edit	Silas P. (PC)/Forza Horizon 4 | Forza4.csv | https://docs.google.com/spreadsheets/d/1-fXz7Uazyok9o5EGzDGS8W__zpGZgwJ5qCJEtm1xTRc/edit | USB | 3
https://docs.google.com/spreadsheets/d/1nGuH55WN7QiRDbTg2Ovec9f1Vm_0OQm6ASE0iwpzI1U/edit	Silas P. (PC)/GTA IV | GTAIV.csv | https://docs.google.com/spreadsheets/d/1nGuH55WN7QiRDbTg2Ovec9f1Vm_0OQm6ASE0iwpzI1U/edit | USB
https://docs.google.com/spreadsheets/d/1W0Drr2pAvjEfoIyyF83bRYJvbMVoY19ZQXLt0nT2MKc/edit	Silas P. (PC)/GTA V FiveM 2 | GTAVFiveM.csv | https://docs.google.com/spreadsheets/d/1W0Drr2pAvjEfoIyyF83bRYJvbMVoY19ZQXLt0nT2MKc/edit | USB
https://docs.google.com/spreadsheets/d/1o9FChx_Mz2Vjc-GQM9EWOT6U5K89ocWJFnKECPKPPiY/edit	Silas P. (PC)/GTA V Redone (FiveM optimized) | GTAV.csv | https://docs.google.com/spreadsheets/d/1o9FChx_Mz2Vjc-GQM9EWOT6U5K89ocWJFnKECPKPPiY/edit | USB | UltraStik
https://docs.google.com/spreadsheets/d/1aEzDToS8IrLfdTpFECgtcpSmdG0szkd2djNlVnmiGls/edit	Silas P. (PC)/GTA V | gta5test.csv | https://docs.google.com/spreadsheets/d/1aEzDToS8IrLfdTpFECgtcpSmdG0szkd2djNlVnmiGls/edit | USB | UltraStik
https://docs.google.com/spreadsheets/d/1DZPX6DxypeULr8P3bVUMkgw4CdkdDOwMZ82efahhlng/edit	Silas P. (PC)/Gardians of the Galaxy BETA | GardiansGalaxy.csv | https://docs.google.com/spreadsheets/d/1DZPX6DxypeULr8P3bVUMkgw4CdkdDOwMZ82efahhlng/edit | USB
https://docs.google.com/spreadsheets/d/1DYEpmgqINMeUBvxCpKxay6Wdr7RK_mENIej7zhs7LLE/edit	Silas P. (PC)/Ghost Recon Wildlands | wildlands.csv | https://docs.google.com/spreadsheets/d/1DYEpmgqINMeUBvxCpKxay6Wdr7RK_mENIej7zhs7LLE/edit | USB
https://docs.google.com/spreadsheets/d/1tG7i4ErITtE3kJ1kR1SoZ22IQtunHY7EHRSQxUrXUeg/edit	Silas P. (PC)/Ghostrunner | Ghostrunner.csv | https://docs.google.com/spreadsheets/d/1tG7i4ErITtE3kJ1kR1SoZ22IQtunHY7EHRSQxUrXUeg/edit | USB
https://docs.google.com/spreadsheets/d/1LxeoVUgPcUUplSdqWbyQg6sqfVBoGtT8-5kegkRIqpo/edit	Silas P. (PC)/Goat Simulator 3 | Goat3.csv | https://docs.google.com/spreadsheets/d/1LxeoVUgPcUUplSdqWbyQg6sqfVBoGtT8-5kegkRIqpo/edit | USB
https://docs.google.com/spreadsheets/d/1V-Lwk3-rA0mckKtR8mwSZN6XfDVqMr5RzmHPf9zqgOs/edit	Silas P. (PC)/Halo Infinite PC | HaloInfinitePC.csv | https://docs.google.com/spreadsheets/d/1V-Lwk3-rA0mckKtR8mwSZN6XfDVqMr5RzmHPf9zqgOs/edit | USB
https://docs.google.com/spreadsheets/d/1TJ2tPevqx6VV8rDVJ9Bj8kfo7iEyTwuez1gHBn1TUuc/edit	Silas P. (PC)/Helldivers II | Helldivers II.csv | https://docs.google.com/spreadsheets/d/1TJ2tPevqx6VV8rDVJ9Bj8kfo7iEyTwuez1gHBn1TUuc/edit | USB | UltraStik
https://docs.google.com/spreadsheets/d/1kT3z3T4FKAM_TWb3EfuOToryGUtdNkf0Z9iY_-DwLUE/edit	Silas P. (PC)/High on Life PC | HighOnLife.csv | https://docs.google.com/spreadsheets/d/1kT3z3T4FKAM_TWb3EfuOToryGUtdNkf0Z9iY_-DwLUE/edit | USB
https://docs.google.com/spreadsheets/d/1mvv_0ugmjygvsVQzj00uvAuy3loJIrybIZBNXIe2fK4/edit	Silas P. (PC)/Hogwarts Legacy | HogwartsLegacy.csv | https://docs.google.com/spreadsheets/d/1mvv_0ugmjygvsVQzj00uvAuy3loJIrybIZBNXIe2fK4/edit | USB
https://docs.google.com/spreadsheets/d/1hhc_QZ17rB2V01hXQ6jBQ81bFuvmoF958-wE2wjHHyM/edit	Silas P. (PC)/Horizon Zero Dawn | HorizonZeroDawn.csv | https://docs.google.com/spreadsheets/d/1hhc_QZ17rB2V01hXQ6jBQ81bFuvmoF958-wE2wjHHyM/edit | USB
https://docs.google.com/spreadsheets/d/1bWHewoqFhR5UbttJAw4rFexc_Ah4zAymVnJZM3hBIM0/edit	Silas P. (PC)/Hunt: Showdown | HuntShowdown.csv | https://docs.google.com/spreadsheets/d/1bWHewoqFhR5UbttJAw4rFexc_Ah4zAymVnJZM3hBIM0/edit | USB
https://docs.google.com/spreadsheets/d/1_-9k7oBiZsGGMNTL85rE8onTY196Mihv3atKOO3uh3o/edit	Silas P. (PC)/Hytale | Hytale.csv | https://docs.google.com/spreadsheets/d/1_-9k7oBiZsGGMNTL85rE8onTY196Mihv3atKOO3uh3o/edit | USB | UltraStik
https://docs.google.com/spreadsheets/d/13plpK5hQjUYomSLeXn7uzQKoGDiGgFDsDdExmX-PbuM/edit	Silas P. (PC)/Indiana Jones and the Great Circle | IndianaJonesAtGC.csv | https://docs.google.com/spreadsheets/d/13plpK5hQjUYomSLeXn7uzQKoGDiGgFDsDdExmX-PbuM/edit | BlueTooth | UltraStik
https://docs.google.com/spreadsheets/d/1nFfFBJ9xgPqu5MB4OhC-Al2fVHNVT4TUBszzwdiqQCQ/edit	Silas P. (PC)/It takes two | ItTakesTwo.csv | https://docs.google.com/spreadsheets/d/1nFfFBJ9xgPqu5MB4OhC-Al2fVHNVT4TUBszzwdiqQCQ/edit | USB | UltraStik
https://docs.google.com/spreadsheets/d/1MFjqTjF4Y32pCIhECkEre-gPgaXLtg3_wzGOK6RgMqw/edit	Silas P. (PC)/Just Cause 2 | JustCause2.csv | https://docs.google.com/spreadsheets/d/1MFjqTjF4Y32pCIhECkEre-gPgaXLtg3_wzGOK6RgMqw/edit | USB
https://docs.google.com/spreadsheets/d/1fWSvI0yr9nfWafsMFoNLgKoy3hUaiAXrOEM1AAs5z40/edit	Silas P. (PC)/Kingdom Come Deliverance II | KingdomCome2.csv | https://docs.google.com/spreadsheets/d/1fWSvI0yr9nfWafsMFoNLgKoy3hUaiAXrOEM1AAs5z40/edit | BlueTooth | UltraStik
https://docs.google.com/spreadsheets/d/1cxHQSWFEsKnOqvL0ZKc8OUKGKR9TOsiWnMAbP8iGuV4/edit	Silas P. (PC)/Lego Fortnite | LegoFortnite.csv | https://docs.google.com/spreadsheets/d/1cxHQSWFEsKnOqvL0ZKc8OUKGKR9TOsiWnMAbP8iGuV4/edit | USB | UltraStik
https://docs.google.com/spreadsheets/d/1-CzP9i-T9z6YvoKVLa7PafmshB6JrkiSsLR_Ph__vP8/edit	Silas P. (PC)/Lethal Company | LethalCompany.csv | https://docs.google.com/spreadsheets/d/1-CzP9i-T9z6YvoKVLa7PafmshB6JrkiSsLR_Ph__vP8/edit | USB | UltraStik
https://docs.google.com/spreadsheets/d/1DJodDoqLX8MynmWTTEpIQwR-PXs9q9v53KlvezDs2Ss/edit	Silas P. (PC)/Maus Bluetooth | 0default.csv | https://docs.google.com/spreadsheets/d/1DJodDoqLX8MynmWTTEpIQwR-PXs9q9v53KlvezDs2Ss/edit | BlueTooth | UltraStik
https://docs.google.com/spreadsheets/d/1IgKZbbHze_ub8Hq708GBamlwoRTbIYXQbRU1QuBRHxA/edit	Silas P. (PC)/Maus | default.csv | https://docs.google.com/spreadsheets/d/1IgKZbbHze_ub8Hq708GBamlwoRTbIYXQbRU1QuBRHxA/edit | BlueTooth | UltraStik
https://docs.google.com/spreadsheets/d/13_iRbQCq1OY5RUsQrQBYYcvTyc7oJKJg6gwBDATuWAE/edit	Silas P. (PC)/Maus2 TV | default1.csv | https://docs.google.com/spreadsheets/d/13_iRbQCq1OY5RUsQrQBYYcvTyc7oJKJg6gwBDATuWAE/edit | BlueTooth | UltraStik
https://docs.google.com/spreadsheets/d/1j9ud1kPYXCsY6DrM5ZMMKA1gURUfXLP-r8XOBAE_4zI/edit	Silas P. (PC)/Max Payne 3 | MaxPayne3.csv | https://docs.google.com/spreadsheets/d/1j9ud1kPYXCsY6DrM5ZMMKA1gURUfXLP-r8XOBAE_4zI/edit | USB | UltraStik
https://docs.google.com/spreadsheets/d/1nMMkPHaEJ92uMN8kKmKy3-SFIg8KOCBbRFbCIurLYQE/edit	Silas P. (PC)/Metal Gear Snake Eater | MetalGearSE.csv | https://docs.google.com/spreadsheets/d/1nMMkPHaEJ92uMN8kKmKy3-SFIg8KOCBbRFbCIurLYQE/edit | USB | UltraStik
https://docs.google.com/spreadsheets/d/1lY5kjL9I5rToU5-dj28Lt5Zyndemn6fgZASw1C5DgTY/edit	Silas P. (PC)/Minecraft | Mc.csv | https://docs.google.com/spreadsheets/d/1lY5kjL9I5rToU5-dj28Lt5Zyndemn6fgZASw1C5DgTY/edit | USB | UltraStik
https://docs.google.com/spreadsheets/d/1kWsQQjk93BiFt9BsLWQNXfh4rHizI9rZ3ZB0wOrxG-U/edit	Silas P. (PC)/Monitor Control - Samsung G8 | MonRem.csv | https://docs.google.com/spreadsheets/d/1kWsQQjk93BiFt9BsLWQNXfh4rHizI9rZ3ZB0wOrxG-U/edit | BlueTooth
https://docs.google.com/spreadsheets/d/1MMtLV2dhDcJFaNgSqx3WrDznnNhxiBLoLcj2GIKkeVw/edit	Silas P. (PC)/My Current Preferences | MyCurrentPreferences.csv | https://docs.google.com/spreadsheets/d/1MMtLV2dhDcJFaNgSqx3WrDznnNhxiBLoLcj2GIKkeVw/edit | USB | 0
https://docs.google.com/spreadsheets/d/1tzBf62nX51i4lfui-Yk-Ep7qUjh3gcx8KLUPjwRt5WI/edit	Silas P. (PC)/Need for Speed - Heat | NfSHeat.csv | https://docs.google.com/spreadsheets/d/1tzBf62nX51i4lfui-Yk-Ep7qUjh3gcx8KLUPjwRt5WI/edit | USB | 0
https://docs.google.com/spreadsheets/d/1kj74D9IuKKJDgec5DVDSBJUsKuW7xcSfNUiaFp7R6lo/edit	Silas P. (PC)/PS2 Need for Speed Carbon (QMP4) | PS2_NFSC.csv | https://docs.google.com/spreadsheets/d/1kj74D9IuKKJDgec5DVDSBJUsKuW7xcSfNUiaFp7R6lo/edit | USB | 0
https://docs.google.com/spreadsheets/d/1CgvoZXE67qvRp6gXd4Pnw8sOIVajQDo4CBi4nGvS-7M/edit	Silas P. (PC)/Path of Exile II x360 | PathofExileII.csv | https://docs.google.com/spreadsheets/d/1CgvoZXE67qvRp6gXd4Pnw8sOIVajQDo4CBi4nGvS-7M/edit | USB | 0
https://docs.google.com/spreadsheets/d/1a9eyYBfPF4KGqkeyGS-bIY01DAkfQU7oHDHjAYiGMuo/edit	Silas P. (PC)/Payday 2 | PD2.csv | https://docs.google.com/spreadsheets/d/1a9eyYBfPF4KGqkeyGS-bIY01DAkfQU7oHDHjAYiGMuo/edit | USB
https://docs.google.com/spreadsheets/d/1iQEMlou7q3lAyXs8GqC-d8UspKrmiJefQnemGXhVjuQ/edit	Silas P. (PC)/Payday 3 | Payday3.csv | https://docs.google.com/spreadsheets/d/1iQEMlou7q3lAyXs8GqC-d8UspKrmiJefQnemGXhVjuQ/edit | USB
https://docs.google.com/spreadsheets/d/1vxvq4q0VN6GB4PIYG9g5TL4ntmB0Jfvp_nPFMf87rOA/edit	Silas P. (PC)/PlanetSide 2 | planetside2.csv | https://docs.google.com/spreadsheets/d/1vxvq4q0VN6GB4PIYG9g5TL4ntmB0Jfvp_nPFMf87rOA/edit | USB
https://docs.google.com/spreadsheets/d/1Z9N0bPvsG24jg6h3wsrs4ps9xpJzgKKMjxbMeTkJ1s4/edit	Silas P. (PC)/Police Simulator: Patrol Officers PC | Police.csv | https://docs.google.com/spreadsheets/d/1Z9N0bPvsG24jg6h3wsrs4ps9xpJzgKKMjxbMeTkJ1s4/edit | USB
https://docs.google.com/spreadsheets/d/1GnMWGnnOgdA0KjMzzfzYdMYZu0sA5T160vtvsAB5atc/edit	Silas P. (PC)/Raft | Raft.csv | https://docs.google.com/spreadsheets/d/1GnMWGnnOgdA0KjMzzfzYdMYZu0sA5T160vtvsAB5atc/edit | USB | UltraStik
https://docs.google.com/spreadsheets/d/1rPul7lBH6xX-DwGFI6ek2ZCzkmAeAHlGabI8KHI1CdY/edit	Silas P. (PC)/Red Dead Redemption II - RedM | RedDeadRedemptionIIRedM.csv | https://docs.google.com/spreadsheets/d/1rPul7lBH6xX-DwGFI6ek2ZCzkmAeAHlGabI8KHI1CdY/edit | USB
https://docs.google.com/spreadsheets/d/1Wz4ft6QSMIgLzI2d_e-IKv3nKv3v-ljFTiLL1sG4EAg/edit	Silas P. (PC)/Red Dead Redemption II PS5 | PS5_RedDeadRedemptionII.csv | https://docs.google.com/spreadsheets/d/1Wz4ft6QSMIgLzI2d_e-IKv3nKv3v-ljFTiLL1sG4EAg/edit | USB | 4 | UltraStik
https://docs.google.com/spreadsheets/d/1xjW0oUI3ld1tRrwgHgfhPPdNVu4LQ_Ot8UlxVzAK5D8/edit	Silas P. (PC)/Red Dead Redemption II | RedDeadRedemptionII.csv | https://docs.google.com/spreadsheets/d/1xjW0oUI3ld1tRrwgHgfhPPdNVu4LQ_Ot8UlxVzAK5D8/edit | USB | UltraStik
https://docs.google.com/spreadsheets/d/1raPi-3ezaWA5bLGWdJyzcWFkoayaAbPdt45pf3p2saA/edit	Silas P. (PC)/Satisfactory | satisfactory.csv | https://docs.google.com/spreadsheets/d/1raPi-3ezaWA5bLGWdJyzcWFkoayaAbPdt45pf3p2saA/edit | USB | UltraStik
https://docs.google.com/spreadsheets/d/1gjB0ywmx9cuHd63rHTSYs9XmssmK4oSxMbxNtCpTxsM/edit	Silas P. (PC)/Schedule I | Schedule I.csv | https://docs.google.com/spreadsheets/d/1gjB0ywmx9cuHd63rHTSYs9XmssmK4oSxMbxNtCpTxsM/edit | USB | UltraStik
https://docs.google.com/spreadsheets/d/15vlxHRd1fGymHyb4Qcl-_R_ZSqrWMQZI4K9K9xxwfdQ/edit	Silas P. (PC)/Screen Saver | screensaver.csv | https://docs.google.com/spreadsheets/d/15vlxHRd1fGymHyb4Qcl-_R_ZSqrWMQZI4K9K9xxwfdQ/edit | USB | 9
https://docs.google.com/spreadsheets/d/187aOfdN5nd-JO7s2xcjIlpB97EXC7K_qGBA0SM3q2xM/edit	Silas P. (PC)/Sea of Thieves | SeaofThieves.csv | https://docs.google.com/spreadsheets/d/187aOfdN5nd-JO7s2xcjIlpB97EXC7K_qGBA0SM3q2xM/edit | USB
https://docs.google.com/spreadsheets/d/1z0ql9pCrIRbvj0fDUARduvfMYbwknoUt4gZHEK92mg0/edit	Silas P. (PC)/Shadow Warrior 3 | ShadowWarrior3.csv | https://docs.google.com/spreadsheets/d/1z0ql9pCrIRbvj0fDUARduvfMYbwknoUt4gZHEK92mg0/edit | USB
https://docs.google.com/spreadsheets/d/1Bgo68cyJWQS3Gfr94eVCE8uoRd7rEV3HNqyR-pPpSI8/edit	Silas P. (PC)/ShatterlinePC | ShatterlinePC.csv | https://docs.google.com/spreadsheets/d/1Bgo68cyJWQS3Gfr94eVCE8uoRd7rEV3HNqyR-pPpSI8/edit | USB
https://docs.google.com/spreadsheets/d/18892WT0W98N3PEXGMl-v0RjoI0kPIr3VbFMNLHHjKKM/edit	Silas P. (PC)/Shooter default PS5 | zzCoDPS5.csv | https://docs.google.com/spreadsheets/d/18892WT0W98N3PEXGMl-v0RjoI0kPIr3VbFMNLHHjKKM/edit | USB | 4 | UltraStik
https://docs.google.com/spreadsheets/d/1pyy8RCtgsqcKaxcz8JdlzeRQH_RlRSq_HrTxQxYrYsk/edit	Silas P. (PC)/Six Days In Fallujah | SixDaysInFallujah.csv | https://docs.google.com/spreadsheets/d/1pyy8RCtgsqcKaxcz8JdlzeRQH_RlRSq_HrTxQxYrYsk/edit | USB | UltraStik
https://docs.google.com/spreadsheets/d/1P3mRIdjE5D3DNkRiahIXTO7nrHZyAMvL-ngkSP7PTZ4/edit	Silas P. (PC)/Sniper Elite 3 | se3.csv | https://docs.google.com/spreadsheets/d/1P3mRIdjE5D3DNkRiahIXTO7nrHZyAMvL-ngkSP7PTZ4/edit | USB
https://docs.google.com/spreadsheets/d/1a_boZsd3AQh14pvqIJEgl1bptZamFMiuNcDobNV_WRE/edit	Silas P. (PC)/Sniper Elite 4 | se4.csv | https://docs.google.com/spreadsheets/d/1a_boZsd3AQh14pvqIJEgl1bptZamFMiuNcDobNV_WRE/edit | USB
https://docs.google.com/spreadsheets/d/104YnqX1wboP9EIrzun4HBmZBdMkqg8JgUGAhN_i_lzY/edit	Silas P. (PC)/Sniper Elite 5 | se5.csv | https://docs.google.com/spreadsheets/d/104YnqX1wboP9EIrzun4HBmZBdMkqg8JgUGAhN_i_lzY/edit | USB
https://docs.google.com/spreadsheets/d/1KsfIAu-nZf_cBJptGG2lZcuIKFK_b4M6uQ-hiLp4dNU/edit	Silas P. (PC)/Sniper Ghost Warrior 2 | SGW2.csv | https://docs.google.com/spreadsheets/d/1KsfIAu-nZf_cBJptGG2lZcuIKFK_b4M6uQ-hiLp4dNU/edit | USB
https://docs.google.com/spreadsheets/d/1GpU47j5Oa68IGLtEvZlZi64ZLk4ff_ySZIorRuOB5Jk/edit	Silas P. (PC)/Spindle | Spindle.csv | https://docs.google.com/spreadsheets/d/1GpU47j5Oa68IGLtEvZlZi64ZLk4ff_ySZIorRuOB5Jk/edit | USB
https://docs.google.com/spreadsheets/d/1nYEp6ue5_LbdQfuWtZ7KEc7lUO9DI1SGZDE4Fexd2zY/edit	Silas P. (PC)/Split Fiction | SplitFiction.csv | https://docs.google.com/spreadsheets/d/1nYEp6ue5_LbdQfuWtZ7KEc7lUO9DI1SGZDE4Fexd2zY/edit | USB | UltraStik
https://docs.google.com/spreadsheets/d/1ItLzZubgqt3t6Ja4H-4V9bJZCM0SmG_7CZmFojoBrsA/edit	Silas P. (PC)/Splitgate (betatest) x360 | Splitgate.csv | https://docs.google.com/spreadsheets/d/1ItLzZubgqt3t6Ja4H-4V9bJZCM0SmG_7CZmFojoBrsA/edit | USB | 3
https://docs.google.com/spreadsheets/d/1GT7lNcvrXdhSMv0447lZ2uQ6dhGDfXMYAezsSRxbA7I/edit	Silas P. (PC)/Star Wars - Jedi Fallen Order PC | JediFallenOrder.csv | https://docs.google.com/spreadsheets/d/1GT7lNcvrXdhSMv0447lZ2uQ6dhGDfXMYAezsSRxbA7I/edit | USB
https://docs.google.com/spreadsheets/d/19_MZUi1vrrAvcPyYMKs3s9V2NWNR6pELQm8R_aY-KE8/edit	Silas P. (PC)/StarCitizen | StarCitizen.csv | https://docs.google.com/spreadsheets/d/19_MZUi1vrrAvcPyYMKs3s9V2NWNR6pELQm8R_aY-KE8/edit | USB
https://docs.google.com/spreadsheets/d/1RQHLLmiQbU5V35Vybfkj4JKcXSVMTC0D6LwkiNg2c1A/edit	Silas P. (PC)/Starfield | Starfield.csv | https://docs.google.com/spreadsheets/d/1RQHLLmiQbU5V35Vybfkj4JKcXSVMTC0D6LwkiNg2c1A/edit | USB
https://docs.google.com/spreadsheets/d/195oQ56RWrCN6UIyWCcOluT0kcUojij3Hv8aSO-vkM5I/edit	Silas P. (PC)/The Last of Us Part II | TheLastOfUsII.csv | https://docs.google.com/spreadsheets/d/195oQ56RWrCN6UIyWCcOluT0kcUojij3Hv8aSO-vkM5I/edit | USB | UltraStik
https://docs.google.com/spreadsheets/d/1h7rR7if8nedFt6hOrAw83rGHpdqjClgExActZGrSAoo/edit	Silas P. (PC)/The Last of Us | TheLastOfUs.csv | https://docs.google.com/spreadsheets/d/1h7rR7if8nedFt6hOrAw83rGHpdqjClgExActZGrSAoo/edit | USB | UltraStik
https://docs.google.com/spreadsheets/d/1e-A7_8lt2SYfSt-WtTZ3AeIuZoo9PtpYtPaIbRP_3Nc/edit	Silas P. (PC)/Tiny Tinas Wonderlands | TinyTinasWonderlands.csv | https://docs.google.com/spreadsheets/d/1e-A7_8lt2SYfSt-WtTZ3AeIuZoo9PtpYtPaIbRP_3Nc/edit | USB | UltraStik
https://docs.google.com/spreadsheets/d/11COcj9LSFmCyvZW68WKqxT68_EtPQRnuMSl-unn04ok/edit	Silas P. (PC)/Titanfall 2 | Titanfall2.csv | https://docs.google.com/spreadsheets/d/11COcj9LSFmCyvZW68WKqxT68_EtPQRnuMSl-unn04ok/edit | USB | 0 | UltraStik
https://docs.google.com/spreadsheets/d/1AT8kHoKi09UVtIgTgr-pneYj3eqh3kY1Dm88Xslm5bM/edit	Silas P. (PC)/Tomb Raider 1 | Tombraider1.csv | https://docs.google.com/spreadsheets/d/1AT8kHoKi09UVtIgTgr-pneYj3eqh3kY1Dm88Xslm5bM/edit | USB
https://docs.google.com/spreadsheets/d/1HTw9r3V8RGUVHxMxo7_XbTe52N586cVys4TJDnGszbQ/edit	Silas P. (PC)/Tomb Raider 2 - Rise of the Tomb Raider | Tombraider2.csv | https://docs.google.com/spreadsheets/d/1HTw9r3V8RGUVHxMxo7_XbTe52N586cVys4TJDnGszbQ/edit | USB
https://docs.google.com/spreadsheets/d/1wElQ_s-7YjNTYch0Zgr2UqcCHp1VtXc7TwDZbvKw7eo/edit	Silas P. (PC)/Tomb Raider 3 - Shadow of the Tomb Raider | Tombraider3.csv | https://docs.google.com/spreadsheets/d/1wElQ_s-7YjNTYch0Zgr2UqcCHp1VtXc7TwDZbvKw7eo/edit | USB | UltraStik
https://docs.google.com/spreadsheets/d/1YERuZoXEhwrnpFwem8l5BtEurnfpPv1JFp7IGL76tos/edit	Silas P. (PC)/Tony Hawk | Hawkskate.csv | https://docs.google.com/spreadsheets/d/1YERuZoXEhwrnpFwem8l5BtEurnfpPv1JFp7IGL76tos/edit | USB
https://docs.google.com/spreadsheets/d/1KxeZdoIX-iQIlNPFCJPjzphZ0fp4zaOX921gX_AilXE/edit	Silas P. (PC)/Trepang 2 | Trepang2.csv | https://docs.google.com/spreadsheets/d/1KxeZdoIX-iQIlNPFCJPjzphZ0fp4zaOX921gX_AilXE/edit | USB
https://docs.google.com/spreadsheets/d/1GKpBkxmMTNZhEQJ0ksnNbaa5m6r5DO1DRrCJCkaQ83Q/edit	Silas P. (PC)/Tunic | tunic.csv | https://docs.google.com/spreadsheets/d/1GKpBkxmMTNZhEQJ0ksnNbaa5m6r5DO1DRrCJCkaQ83Q/edit | USB
https://docs.google.com/spreadsheets/d/1frB8sCPwxNKvDbn0bncoR1zxtHzWA2RGE53t8EAJico/edit	Silas P. (PC)/Valheim | Valheim.csv | https://docs.google.com/spreadsheets/d/1frB8sCPwxNKvDbn0bncoR1zxtHzWA2RGE53t8EAJico/edit | USB | 0 | UltraStik
https://docs.google.com/spreadsheets/d/1UtCK_yeJdrcU32kI70HVLqyw4eiCUsOloHrHGAamO08/edit	Silas P. (PC)/Warhammer 40k - Darktide | W40kDarktide.csv | https://docs.google.com/spreadsheets/d/1UtCK_yeJdrcU32kI70HVLqyw4eiCUsOloHrHGAamO08/edit | USB | UltraStik
https://docs.google.com/spreadsheets/d/1kvbvy13xe6Ist6xC2_9UCGZRr-BCGIbcdia-ERymFeI/edit	Silas P. (PC)/Warhammer 40k - Space Marine 2 | W40kSpaceMarine2.csv | https://docs.google.com/spreadsheets/d/1kvbvy13xe6Ist6xC2_9UCGZRr-BCGIbcdia-ERymFeI/edit | USB | UltraStik
https://docs.google.com/spreadsheets/d/1rMbrrEhgRtdzp7tGETVVuF5iRriWIvA-zzaYnM97OPc/edit	Silas P. (PC)/Way of the Hunter | WotHunter.csv | https://docs.google.com/spreadsheets/d/1rMbrrEhgRtdzp7tGETVVuF5iRriWIvA-zzaYnM97OPc/edit | USB | UltraStik
https://docs.google.com/spreadsheets/d/1wj5D5UdQ_bEA1d1k-SKwPDm8sPmYUXMHmgdLAGtTqlQ/edit	Silas P. (PC)/Witcher III PC | witcher.csv | https://docs.google.com/spreadsheets/d/1wj5D5UdQ_bEA1d1k-SKwPDm8sPmYUXMHmgdLAGtTqlQ/edit | USB | UltraStik
https://docs.google.com/spreadsheets/d/1l4gpyV0GimPRY1H7a13Xue_R7PkYpYR_VYhJQszptIg/edit	Silas P. (PC)/World of Tanks | WorldofTanks.csv | https://docs.google.com/spreadsheets/d/1l4gpyV0GimPRY1H7a13Xue_R7PkYpYR_VYhJQszptIg/edit | USB
https://docs.google.com/spreadsheets/d/1eDKxfLRtNOl7iZ00j5yGAiSY22JTfo-LGWpje_dSnqA/edit	Silas P. (PC)/XDefiant x360 (QMP4) | XDefiant.csv | https://docs.google.com/spreadsheets/d/1eDKxfLRtNOl7iZ00j5yGAiSY22JTfo-LGWpje_dSnqA/edit | USB | 0 | UltraStik
https://docs.google.com/spreadsheets/d/1lVd4H23afFmXZdvVnCRK65CHagIfJes7P4H4TzsCSkM/edit	Silas P. (PC)/Zelda Breath of the Wild | ZeldaBotW.csv | https://docs.google.com/spreadsheets/d/1lVd4H23afFmXZdvVnCRK65CHagIfJes7P4H4TzsCSkM/edit | USB | 0
https://docs.google.com/spreadsheets/d/1dCGn3KGnVFqzVX7QF2SMuNkXQTkt6s1iD3WoChu1nQk/edit	Silas P. (PC)/skate. | skate.csv | https://docs.google.com/spreadsheets/d/1dCGn3KGnVFqzVX7QF2SMuNkXQTkt6s1iD3WoChu1nQk/edit | USB | 0 | UltraStik
https://docs.google.com/spreadsheets/d/1Wuw6JOyKBHtRdQlafGWFMtRw9Ze_vUK098rTN73qTLo/edit	Silas P. (PC)/the Finals | theFinals.csv | https://docs.google.com/spreadsheets/d/1Wuw6JOyKBHtRdQlafGWFMtRw9Ze_vUK098rTN73qTLo/edit | USB | UltraStik
https://docs.google.com/spreadsheets/d/1a5TmCr6TaVpMZAfPG1yOjtfwZ0lxgGqPMUxFm6Hrmiw/edit	Silas P. (PC)/theHunter CotW | thunCotW.csv | https://docs.google.com/spreadsheets/d/1a5TmCr6TaVpMZAfPG1yOjtfwZ0lxgGqPMUxFm6Hrmiw/edit | USB | UltraStik
https://docs.google.com/spreadsheets/d/1um-ectwH4SIf_j9yLOD919SMVmfbqMUGeVlmMnKJVvI/edit	Simple Mouse | default.csv | https://docs.google.com/spreadsheets/d/1um-ectwH4SIf_j9yLOD919SMVmfbqMUGeVlmMnKJVvI/edit | USB
https://docs.google.com/spreadsheets/d/1mU_nIGXsw1TLaYtnR8lrIhPAEKEBIGQFhzHYYgUlNYU/edit	Singleton - Flash | flash.csv | https://docs.google.com/spreadsheets/d/1mU_nIGXsw1TLaYtnR8lrIhPAEKEBIGQFhzHYYgUlNYU/edit | USB | 0
https://docs.google.com/spreadsheets/d/1fa4_7T46VXaI7cRscGv3rTEbiGN-I_LJhyHh6N2jRVI/edit	Singleton - No Flash | default.csv | https://docs.google.com/spreadsheets/d/1fa4_7T46VXaI7cRscGv3rTEbiGN-I_LJhyHh6N2jRVI/edit | USB | 6
https://docs.google.com/spreadsheets/d/1yMFBW-T8rXl91ywGRDPWoEtB8tdPYmYcwnV2T3-bbjI/edit	Singleton - Reversed Sip Puff | default.csv | https://docs.google.com/spreadsheets/d/1yMFBW-T8rXl91ywGRDPWoEtB8tdPYmYcwnV2T3-bbjI/edit | USB
https://docs.google.com/spreadsheets/d/1DkE_uv6WU1hqF9SIBqTMNacX1rz8onS8ytUn9eRYW4s/edit	Singleton Analog Joysticks | default.csv | https://docs.google.com/spreadsheets/d/1DkE_uv6WU1hqF9SIBqTMNacX1rz8onS8ytUn9eRYW4s/edit | USB
https://docs.google.com/spreadsheets/d/1kNvY3h60TF6TJ5dCTAgBWYRA7ax91IK8moniwYwQjcQ/edit	Singleton Bluetooth | default.csv | https://docs.google.com/spreadsheets/d/1kNvY3h60TF6TJ5dCTAgBWYRA7ax91IK8moniwYwQjcQ/edit | BlueTooth
https://docs.google.com/spreadsheets/d/1V-rdJboKEXgA7DkYVP7VbUbo6z_KKOi2_DfrejM-w2E/edit	Singleton Right Analog for Copilot | default.csv | https://docs.google.com/spreadsheets/d/1V-rdJboKEXgA7DkYVP7VbUbo6z_KKOi2_DfrejM-w2E/edit | USB
https://docs.google.com/spreadsheets/d/1vClXTMVGOTQ4TVhtRewkTdiQpdi4HXgfLX_SP6Cmc10/edit	Singleton WASD | wasd.csv | https://docs.google.com/spreadsheets/d/1vClXTMVGOTQ4TVhtRewkTdiQpdi4HXgfLX_SP6Cmc10/edit | USB
https://docs.google.com/spreadsheets/d/15orHGWWQHL2O5AiUFHkSpHWzy3jOOChO8gI0BCb0uww/edit	Singleton mouse plus XAC left | default.csv | https://docs.google.com/spreadsheets/d/15orHGWWQHL2O5AiUFHkSpHWzy3jOOChO8gI0BCb0uww/edit | USB | 0
https://docs.google.com/spreadsheets/d/1IidPX083ColCNesSLdJckVajqRsvH0V9Uu4eSyyCyv0/edit	Singleton plus Mouse - WASD | wasd.csv | https://docs.google.com/spreadsheets/d/1IidPX083ColCNesSLdJckVajqRsvH0V9Uu4eSyyCyv0/edit | USB
https://docs.google.com/spreadsheets/d/1rSGhmsjjfsPXRB7JpA93SoON6c6Ebxf-J6Ai0-ZubI0/edit	Singleton plus UltraStik - Portal 2 | portal2.csv | https://docs.google.com/spreadsheets/d/1rSGhmsjjfsPXRB7JpA93SoON6c6Ebxf-J6Ai0-ZubI0/edit | USB | UltraStik
https://docs.google.com/spreadsheets/d/1DdirAueMMsNskOBfSJRfmLiVpV3QX6qdByNhmd2nWfQ/edit	Singleton | default.csv | https://docs.google.com/spreadsheets/d/1DdirAueMMsNskOBfSJRfmLiVpV3QX6qdByNhmd2nWfQ/edit | USB | 0
https://docs.google.com/spreadsheets/d/199VMHYy_iDW8tEP6jhvcyyK3EefdMlC3S2TEHe2nUkE/edit	Sleeping | sleeping.csv | https://docs.google.com/spreadsheets/d/199VMHYy_iDW8tEP6jhvcyyK3EefdMlC3S2TEHe2nUkE/edit | USB | 6
https://docs.google.com/spreadsheets/d/1Nb_a_GkBEQbGF_y9bTO2rDLlrFvPjDpWoUhfKH9S0ZQ/edit	Sony STRDN1040 | sonystr1.csv | https://docs.google.com/spreadsheets/d/1Nb_a_GkBEQbGF_y9bTO2rDLlrFvPjDpWoUhfKH9S0ZQ/edit | USB
https://docs.google.com/spreadsheets/d/1fFYwT32xukGVdq9CTnL_Sv4zB1a-zMZqgi34s3EGVFY/edit	Star Wars Battlefront PC | swbfpc.csv | https://docs.google.com/spreadsheets/d/1fFYwT32xukGVdq9CTnL_Sv4zB1a-zMZqgi34s3EGVFY/edit | USB | 3
https://docs.google.com/spreadsheets/d/1jR6oxtk7-nTecGm2Na77sQSvAv7QUNDKiaQ6ECM3O8A/edit	StarCraft 2 RTSv3 | starcraft2v3.csv | https://docs.google.com/spreadsheets/d/1jR6oxtk7-nTecGm2Na77sQSvAv7QUNDKiaQ6ECM3O8A/edit | USB
https://docs.google.com/spreadsheets/d/1bsPy-MyRKVKAKdhdnaq8Zj_gMswvbsQRqDzda4Yv5RM/edit	Steam Lego | stmlego.csv | https://docs.google.com/spreadsheets/d/1bsPy-MyRKVKAKdhdnaq8Zj_gMswvbsQRqDzda4Yv5RM/edit | USB
https://docs.google.com/spreadsheets/d/11bLWBVmYePVPIrbMODz6w7fo6cmxF_VWQ1TS-Q3TDpU/edit	Steamy Biscuit/Fishing Planet-kb | FishPlanet.csv | https://docs.google.com/spreadsheets/d/11bLWBVmYePVPIrbMODz6w7fo6cmxF_VWQ1TS-Q3TDpU/edit | USB
https://docs.google.com/spreadsheets/d/1PPRpvCOOLHu93RdLa5dyWMk3XGTZecDDBC9bW0TYisE/edit	Super Mario Odyssey Nintendo Switch | super mario odyssey.csv | https://docs.google.com/spreadsheets/d/1PPRpvCOOLHu93RdLa5dyWMk3XGTZecDDBC9bW0TYisE/edit | USB | 5
https://docs.google.com/spreadsheets/d/1MQ8ZUqcF3X-fMo4YccqyAgrNfzmGjVZztE8t7dv71qE/edit	T2 USB-A PS4 Full Crossover Default | ps4.csv | https://docs.google.com/spreadsheets/d/1MQ8ZUqcF3X-fMo4YccqyAgrNfzmGjVZztE8t7dv71qE/edit | USB
https://docs.google.com/spreadsheets/d/1t541upZvVDj4ZYnzWHvA37gB8N9pRpSbobcV0niGW-Y/edit	Tap and Delay_on test | test.csv | https://docs.google.com/spreadsheets/d/1t541upZvVDj4ZYnzWHvA37gB8N9pRpSbobcV0niGW-Y/edit | USB
https://docs.google.com/spreadsheets/d/1D5XnTVhZJc8QM9TSzCMzJKfnPHR9tadhCOP5pz1q6xk/edit	The Crew | thecrew.csv | https://docs.google.com/spreadsheets/d/1D5XnTVhZJc8QM9TSzCMzJKfnPHR9tadhCOP5pz1q6xk/edit | USB
https://docs.google.com/spreadsheets/d/1U25oAf1iMuUMLdIcGIrvf74fO3FTKTxghbsrqVlF8w0/edit	The Last of Us PS3 | lastofus.csv | https://docs.google.com/spreadsheets/d/1U25oAf1iMuUMLdIcGIrvf74fO3FTKTxghbsrqVlF8w0/edit | USB | 1
https://docs.google.com/spreadsheets/d/1ucHEZBA2fNWbsbhDyO2yBXb2TZ5iIXDa2w_xxwLSG7c/edit	USB A | usba.csv | https://docs.google.com/spreadsheets/d/1ucHEZBA2fNWbsbhDyO2yBXb2TZ5iIXDa2w_xxwLSG7c/edit | USB
https://docs.google.com/spreadsheets/d/1xdJSLao0ukF-Rzx3fk1ChI6_-H_nv0xIyWNn9AEHfyE/edit	USB Host DS4 tester | ds4test.csv | https://docs.google.com/spreadsheets/d/1xdJSLao0ukF-Rzx3fk1ChI6_-H_nv0xIyWNn9AEHfyE/edit | USB | UltraStik
https://docs.google.com/spreadsheets/d/1qJO9kDN506ybIou3GvTvZgdnfg1u55KgG4opcEwXD1w/edit	USB Host XBox Adaptive Joystick tester | xajoy.csv | https://docs.google.com/spreadsheets/d/1qJO9kDN506ybIou3GvTvZgdnfg1u55KgG4opcEwXD1w/edit | USB | UltraStik
https://docs.google.com/spreadsheets/d/1TNnpLFC2qQUevBMYQQS6jvrVoE23GdAqYtlntAmjqHs/edit	USB Host mouse relay test | relay.csv | https://docs.google.com/spreadsheets/d/1TNnpLFC2qQUevBMYQQS6jvrVoE23GdAqYtlntAmjqHs/edit | USB | UltraStik
https://docs.google.com/spreadsheets/d/1kIhRwYsB0iG2X70Q_jDjVsfxH424e5RedNHiivES6NA/edit	UltraStik Default | default.csv | https://docs.google.com/spreadsheets/d/1kIhRwYsB0iG2X70Q_jDjVsfxH424e5RedNHiivES6NA/edit | USB | UltraStik
https://docs.google.com/spreadsheets/d/1Dee5xi_tDBktR18nyGxStq1DCBrivUDun_ttMRLAJoM/edit	UltraStik Left XBox 360 PC | ultraxbox.csv | https://docs.google.com/spreadsheets/d/1Dee5xi_tDBktR18nyGxStq1DCBrivUDun_ttMRLAJoM/edit | USB | 3 | UltraStik
https://docs.google.com/spreadsheets/d/1rmb7D_3L5cwjjnAvnKIqXVUPfeqU33EKbfHi13apM2Y/edit	UltraStik Left | ultra1.csv | https://docs.google.com/spreadsheets/d/1rmb7D_3L5cwjjnAvnKIqXVUPfeqU33EKbfHi13apM2Y/edit | USB | UltraStik
https://docs.google.com/spreadsheets/d/1FPgkbM7WGs6ffF8BD5W5c2Zobs9mJDha46JzM0ZRnpQ/edit	UltraStik Tester | test.csv | https://docs.google.com/spreadsheets/d/1FPgkbM7WGs6ffF8BD5W5c2Zobs9mJDha46JzM0ZRnpQ/edit | USB | UltraStik
https://docs.google.com/spreadsheets/d/1vMlp1QjjR2wJNVKlmUPMzzWDHkRtPT2vLzSffT-N5ss/edit	UltraStik WASD | ultrawasd.csv | https://docs.google.com/spreadsheets/d/1vMlp1QjjR2wJNVKlmUPMzzWDHkRtPT2vLzSffT-N5ss/edit | USB | UltraStik
https://docs.google.com/spreadsheets/d/1-zNZcmuB1EFF2jvJrdpAtdsB9G3_XF5lO3r1KYp18ek/edit	UltraStik X360CE Default | ultra1.csv | https://docs.google.com/spreadsheets/d/1-zNZcmuB1EFF2jvJrdpAtdsB9G3_XF5lO3r1KYp18ek/edit | USB | 2 | UltraStik
https://docs.google.com/spreadsheets/d/1vYHBmurDRa1lFTmE3oyOVChW_D1zSx3oG6Ln6yWO_Os/edit	Wizard101 | wizard101.csv | https://docs.google.com/spreadsheets/d/1vYHBmurDRa1lFTmE3oyOVChW_D1zSx3oG6Ln6yWO_Os/edit | USB
https://docs.google.com/spreadsheets/d/1MhaLAoX19Pgx-MLhOtwsk45PHUM01JexlxRn6UgNVk4/edit	World of Tanks | wot.csv | https://docs.google.com/spreadsheets/d/1MhaLAoX19Pgx-MLhOtwsk45PHUM01JexlxRn6UgNVk4/edit | USB
https://docs.google.com/spreadsheets/d/1XqPl-_VfPWzrS3pMzbPqs9IzD3J1octFnkn50QbTKsA/edit	X360CE Configuration | x360ce.csv | https://docs.google.com/spreadsheets/d/1XqPl-_VfPWzrS3pMzbPqs9IzD3J1octFnkn50QbTKsA/edit | USB | 2
https://docs.google.com/spreadsheets/d/1upt0khjHUnQA33ZYPrVHfioyoVeVcbyTxMxaQ2Fd5M4/edit	XAC Left USB Port Singleton | xacleft.csv | https://docs.google.com/spreadsheets/d/1upt0khjHUnQA33ZYPrVHfioyoVeVcbyTxMxaQ2Fd5M4/edit | USB
https://docs.google.com/spreadsheets/d/1aHajkfuCZ23wRrcHJhbgWT7iuyndozDKVE7QqyAjlE8/edit	XAC Left USB Port | default.csv | https://docs.google.com/spreadsheets/d/1aHajkfuCZ23wRrcHJhbgWT7iuyndozDKVE7QqyAjlE8/edit | USB
https://docs.google.com/spreadsheets/d/1YJ_1REy1yYB8AB54PXESICiMxx2rbMNAlLN5NilbmjM/edit	XAC Right USB Port Singleton | default.csv | https://docs.google.com/spreadsheets/d/1YJ_1REy1yYB8AB54PXESICiMxx2rbMNAlLN5NilbmjM/edit | USB
https://docs.google.com/spreadsheets/d/1IVmRaCSKRxioND0E2idq7p8jf_S1pRNFLJIvolv3j8Q/edit	XAC Right USB Port | default.csv | https://docs.google.com/spreadsheets/d/1IVmRaCSKRxioND0E2idq7p8jf_S1pRNFLJIvolv3j8Q/edit | USB
https://docs.google.com/spreadsheets/d/1Wc5OLiDRTCvHSW0wnryEy0x_dWs1DSlteBllssXaRbY/edit	XAC via Wingman XE tester | XACviaXE.csv | https://docs.google.com/spreadsheets/d/1Wc5OLiDRTCvHSW0wnryEy0x_dWs1DSlteBllssXaRbY/edit | USB | UltraStik
https://docs.google.com/spreadsheets/d/1tJGpeBdGeXqgobJI8YBQwhIOo043UbXtgHnlA2ZCrfQ/edit	XBox 360 for PC Configuration | x360pc.csv | https://docs.google.com/spreadsheets/d/1tJGpeBdGeXqgobJI8YBQwhIOo043UbXtgHnlA2ZCrfQ/edit | USB | 3
https://docs.google.com/spreadsheets/d/1oAVQpP8HdvpJC7a7veH1ExB2DVul4Hr_Lr85rWoylNw/edit	XBox 360 for PC UltraStik with Bluetooth mouse | x360pc.csv | https://docs.google.com/spreadsheets/d/1oAVQpP8HdvpJC7a7veH1ExB2DVul4Hr_Lr85rWoylNw/edit | BlueTooth | 3 | UltraStik
https://docs.google.com/spreadsheets/d/1c03aqZQp7ZN9VLUMZ6gnXXRV5benDkIOyktNhf7T-Pc/edit	XBox 360 for PC UltraStik | x360pc.csv | https://docs.google.com/spreadsheets/d/1c03aqZQp7ZN9VLUMZ6gnXXRV5benDkIOyktNhf7T-Pc/edit | USB | 3 | UltraStik
https://docs.google.com/spreadsheets/d/1GnpuUEey8Y1g8jM3gL104Y339Cz90YVivuz5cM0EmD4/edit	XBox 360 for PC with Bluetooth Mouse | x360pcbt.csv | https://docs.google.com/spreadsheets/d/1GnpuUEey8Y1g8jM3gL104Y339Cz90YVivuz5cM0EmD4/edit | BlueTooth | 3
https://docs.google.com/spreadsheets/d/1H6u09WSp14QSn5clduHecbKiwoy2eJA20rxNv8BIVzg/edit	Zelda Breath of the Wild | ZeldaBotW.csv | https://docs.google.com/spreadsheets/d/1H6u09WSp14QSn5clduHecbKiwoy2eJA20rxNv8BIVzg/edit | USB | 5
https://docs.google.com/spreadsheets/d/1FvPgmq0oLIalHUbV__A7ndvl409g4EqNI3yyk9LqIaM/edit	any_direction test | default.csv | https://docs.google.com/spreadsheets/d/1FvPgmq0oLIalHUbV__A7ndvl409g4EqNI3yyk9LqIaM/edit | USB
https://docs.google.com/spreadsheets/d/1M1zPW5hHPi0LotFTXmIQpUBdTekRunZjkUNPbNaq1aY/edit	iPad Bluetooth Mouse | ipad.csv | https://docs.google.com/spreadsheets/d/1M1zPW5hHPi0LotFTXmIQpUBdTekRunZjkUNPbNaq1aY/edit | BlueTooth
https://docs.google.com/spreadsheets/d/1Dr4yCBJl77O69lPgE7wOyoKXiDIih0LqC_Z0rAzZDyg/edit	multiplex inputs | default.csv | https://docs.google.com/spreadsheets/d/1Dr4yCBJl77O69lPgE7wOyoKXiDIih0LqC_Z0rAzZDyg/edit | USB
